match_id,team,opponent,venue,match_result,team_players,avg_team_runs,avg_team_wkts
202428,KKR,LSG,"Eden Gardens, Kolkata",loss,"Philip Salt, Shreyas Iyer, Narine, Chakaravarthy, Harshit Rana, Starc, Vaibhav Arora, Angkrish Raghuvanshi, Russell",169.8181818,6.527272727
202450,SRH,RR,"Rajiv Gandhi International Stadium, Hyderabad",loss,"Nitish Reddy, Head, Marco Jansen, T Natarajan, Bhuvneshwar, Cummins, Klaasen, Unadkat, Abhishek Sharma, Anmolpreet Singh, Shahbaz Ahmed",177.8245614,6.263157895
202538,MI,CSK,"Wankhede Stadium, Mumbai",loss,"Rohit, Suryakumar Yadav, Chahar, Boult, Bumrah, Santner, Rickelton, Ashwani Kumar, Hardik Pandya, Will Jacks",177.1864407,6.13559322
202201,CSK,KKR,"Wankhede Stadium, Mumbai",loss,"Jadeja, Dhoni, Dwayne Bravo, Santner, Uthappa, Tushar Deshpande, Rayudu, Milne, Shivam Dube, Conway, Gaikwad",174.8596491,5.947368421
202202,MI,DC,"Brabourne Stadium, Mumbai",loss,"Ishan Kishan, Rohit, Daniel Sams, Basil Thampi, Murugan Ashwin, Bumrah, Tymal Mills, Tilak Varma, Anmolpreet Singh, Tim David, Pollard",177.1864407,6.13559322
202203,RCB,PBKS,"Dr DY Patil Sports Academy, Mumbai",loss,"du Plessis, Kohli, Siraj, Harshal Patel, Hasaranga, Anuj Rawat, Akash Deep, Willey, Karthik, Shahbaz Ahmed",178.4833333,5.983333333
202204,LSG,GT,"Wankhede Stadium, Mumbai",loss,"Hooda, Ayush Badoni, Krunal Pandya, Ravi Bishnoi, Avesh Khan, Chameera, Mohsin Khan, Lewis, de Kock, Manish Pandey, Rahul",177.7017544,6.087719298
202205,SRH,RR,"Maharashtra Cricket Association Stadium, Pune",loss,"Shepherd, Markram, Washington Sundar, Bhuvneshwar, Umran Malik, T Natarajan, Abhishek Sharma, Pooran, Williamson, Abdul Samad, Tripathi",177.8245614,6.263157895
202206,KKR,RCB,"Dr DY Patil Sports Academy, Mumbai",loss,"Chakaravarthy, Umesh Yadav, Russell, Narine, Southee, Venkatesh Iyer, Billings, Rahane, Shreyas Iyer, Nitish Rana, Jackson",169.8181818,6.527272727
202207,CSK,LSG,"Brabourne Stadium, Mumbai",loss,"Shivam Dube, Dwayne Bravo, Moeen Ali, Pretorius, Uthappa, Tushar Deshpande, Mukesh Choudhary, Jadeja, Rayudu, Dhoni, Gaikwad",174.8596491,5.947368421
202208,PBKS,KKR,"Wankhede Stadium, Mumbai",loss,"Rabada, Harpreet Brar, Odean Smith, Rahul Chahar, Arshdeep Singh, Livingstone, Dhawan, Raj Bawa, Rajapaksa, Mayank, Shahrukh Khan",176.9491525,6.508474576
202209,MI,RR,"Dr DY Patil Sports Academy, Mumbai",loss,"Pollard, Ishan Kishan, Tilak Varma, Murugan Ashwin, Daniel Sams, Bumrah, Tymal Mills, Basil Thampi, Rohit, Anmolpreet Singh, Tim David",177.1864407,6.13559322
202210,DC,GT,"Maharashtra Cricket Association Stadium, Pune",loss,"Kuldeep Yadav, Thakur, Mustafizur, Pant, Axar, Khaleel Ahmed, Lalit Yadav, Mandeep, Powell, Prithvi Shaw, Seifert",170.4181818,6.672727273
202211,CSK,PBKS,"Brabourne Stadium, Mumbai",loss,"Pretorius, Jadeja, Jordan, Shivam Dube, Dhoni, Mukesh Choudhary, Rayudu, Dwayne Bravo, Uthappa, Moeen Ali, Gaikwad",174.8596491,5.947368421
202212,SRH,LSG,"Dr DY Patil Sports Academy, Mumbai",loss,"Washington Sundar, Shepherd, Tripathi, Bhuvneshwar, Pooran, T Natarajan, Umran Malik, Williamson, Markram, Abhishek Sharma, Abdul Samad",177.8245614,6.263157895
202213,RR,RCB,"Wankhede Stadium, Mumbai",loss,"Buttler, Hetmyer, Padikkal, Ashwin, Prasidh, Boult, Chahal, Navdeep Saini, Samson, Jaiswal",176.8833333,5.9
202214,MI,KKR,"Maharashtra Cricket Association Stadium, Pune",loss,"Suryakumar Yadav, Tilak Varma, Ishan Kishan, Brevis, Daniel Sams, Basil Thampi, Bumrah, Murugan Ashwin, Tymal Mills, Rohit, Pollard",177.1864407,6.13559322
202215,DC,LSG,"Dr DY Patil Sports Academy, Mumbai",loss,"Pant, Prithvi Shaw, Sarfaraz Khan, Mustafizur, Lalit Yadav, Kuldeep Yadav, Thakur, Nortje, Axar, Warner, Powell",170.4181818,6.672727273
202216,PBKS,GT,"Brabourne Stadium, Mumbai",loss,"Rahul Chahar, Livingstone, Vaibhav Arora, Arshdeep Singh, Dhawan, Rabada, Odean Smith, Jitesh Sharma, Mayank, Bairstow, Shahrukh Khan",176.9491525,6.508474576
202217,CSK,SRH,"Dr DY Patil Sports Academy, Mumbai",loss,"Moeen Ali, Jadeja, Rayudu, Dwayne Bravo, M Theekshana, Mukesh Choudhary, Jordan, Gaikwad, Uthappa, Dhoni, Shivam Dube",174.8596491,5.947368421
202218,MI,RCB,"Maharashtra Cricket Association Stadium, Pune",loss,"Unadkat, Suryakumar Yadav, Ishan Kishan, Basil Thampi, Bumrah, Pollard, Murugan Ashwin, Rohit, Brevis, Ramandeep Singh, Tilak Varma",177.1864407,6.13559322
202219,KKR,DC,"Brabourne Stadium, Mumbai",loss,"Russell, Shreyas Iyer, Cummins, Chakaravarthy, Narine, Umesh Yadav, Nitish Rana, Rahane, Venkatesh Iyer, Rasikh Salam, Billings",169.8181818,6.527272727
202220,LSG,RR,"Wankhede Stadium, Mumbai",loss,"Holder, Chameera, de Kock, Avesh Khan, Ravi Bishnoi, Gowtham, Hooda, Stoinis, Krunal Pandya, Ayush Badoni, Rahul",177.7017544,6.087719298
202221,GT,SRH,"Dr DY Patil Sports Academy, Mumbai",loss,"Hardik Pandya, Ferguson, Rashid Khan, Shami, Abhinav Manohar, Wade, Miller, Darshan Nalkande, Rahul Tewatia, Shubman Gill, Sai Sudharsan",177.3666667,5.4
202222,RCB,CSK,"Dr DY Patil Sports Academy, Mumbai",loss,"Shahbaz Ahmed, Siraj, Hazlewood, Akash Deep, Maxwell, Hasaranga, Karthik, Prabhudessai, Anuj Rawat, du Plessis, Kohli",178.4833333,5.983333333
202223,MI,PBKS,"Maharashtra Cricket Association Stadium, Pune",loss,"Unadkat, Suryakumar Yadav, Bumrah, Tymal Mills, Basil Thampi, Murugan Ashwin, Brevis, Tilak Varma, Rohit, Pollard, Ishan Kishan",177.1864407,6.13559322
202224,RR,GT,"Dr DY Patil Sports Academy, Mumbai",loss,"Ashwin, Chahal, Neesham, Prasidh, Kuldeep Sen, Buttler, Riyan Parag, Hetmyer, Samson, van der Dussen, Padikkal",176.8833333,5.9
202225,KKR,SRH,"Brabourne Stadium, Mumbai",loss,"Russell, Nitish Rana, Cummins, Narine, Umesh Yadav, Shreyas Iyer, Chakaravarthy, Venkatesh Iyer, Aman Hakim Khan, Jackson, Finch",169.8181818,6.527272727
202226,MI,LSG,"Brabourne Stadium, Mumbai",loss,"Tilak Varma, Fabian Allen, Unadkat, Suryakumar Yadav, Bumrah, Murugan Ashwin, Tymal Mills, Ishan Kishan, Brevis, Pollard, Rohit",177.1864407,6.13559322
202227,DC,RCB,"Wankhede Stadium, Mumbai",loss,"Warner, Thakur, Kuldeep Yadav, Axar, Mustafizur, Khaleel Ahmed, Mitchell Marsh, Pant, Prithvi Shaw, Lalit Yadav, Powell",170.4181818,6.672727273
202228,PBKS,SRH,"Dr DY Patil Sports Academy, Mumbai",loss,"Livingstone, Shahrukh Khan, Arshdeep Singh, Rahul Chahar, Rabada, Vaibhav Arora, Odean Smith, Dhawan, Prabhsimran, Bairstow, Jitesh Sharma",176.9491525,6.508474576
202229,CSK,GT,"Maharashtra Cricket Association Stadium, Pune",loss,"Gaikwad, Rayudu, Jadeja, Dwayne Bravo, Jordan, M Theekshana, Mukesh Choudhary, Shivam Dube, Moeen Ali, Uthappa",174.8596491,5.947368421
202230,KKR,RR,"Brabourne Stadium, Mumbai",loss,"Shreyas Iyer, Umesh Yadav, Finch, Cummins, Narine, Shivam Mavi, Chakaravarthy, Russell, Nitish Rana, Jackson, Venkatesh Iyer",169.8181818,6.527272727
202231,LSG,RCB,"Dr DY Patil Sports Academy, Mumbai",loss,"Krunal Pandya, Holder, Ravi Bishnoi, Rahul, Avesh Khan, Stoinis, Chameera, Hooda, Ayush Badoni, Manish Pandey, de Kock",177.7017544,6.087719298
202232,PBKS,DC,"Brabourne Stadium, Mumbai",loss,"Rahul Chahar, Arshdeep Singh, Rabada, Jitesh Sharma, Shahrukh Khan, Mayank, Nathan Ellis, Vaibhav Arora, Dhawan, Bairstow, Livingstone",176.9491525,6.508474576
202233,MI,CSK,"Dr DY Patil Sports Academy, Mumbai",loss,"Hrithik Shokeen, Tilak Varma, Unadkat, Daniel Sams, Bumrah, Meredith, Suryakumar Yadav, Pollard, Brevis, Ishan Kishan, Rohit",177.1864407,6.13559322
202234,DC,RR,"Wankhede Stadium, Mumbai",loss,"Lalit Yadav, Prithvi Shaw, Thakur, Pant, Khaleel Ahmed, Mustafizur, Kuldeep Yadav, Axar, Powell, Warner, Sarfaraz Khan",170.4181818,6.672727273
202235,KKR,GT,"Dr DY Patil Sports Academy, Mumbai",loss,"Umesh Yadav, Russell, Shivam Mavi, Narine, Rinku Singh, Southee, Chakaravarthy, Venkatesh Iyer, Shreyas Iyer, Nitish Rana, Billings",169.8181818,6.527272727
202236,RCB,SRH,"Brabourne Stadium, Mumbai",loss,"Hazlewood, Hasaranga, Prabhudessai, Harshal Patel, Siraj, Maxwell, Shahbaz Ahmed, du Plessis, Karthik, Anuj Rawat, Kohli",178.4833333,5.983333333
202237,MI,LSG,"Wankhede Stadium, Mumbai",loss,"Daniel Sams, Pollard, Rohit, Tilak Varma, Bumrah, Meredith, Unadkat, Ishan Kishan, Hrithik Shokeen, Suryakumar Yadav, Brevis",177.1864407,6.13559322
202238,CSK,PBKS,"Wankhede Stadium, Mumbai",loss,"Rayudu, Jadeja, Dwayne Bravo, Gaikwad, Santner, Mukesh Choudhary, Pretorius, M Theekshana, Dhoni, Shivam Dube, Uthappa",174.8596491,5.947368421
202239,RCB,RR,"Maharashtra Cricket Association Stadium, Pune",loss,"Shahbaz Ahmed, Hasaranga, Harshal Patel, Siraj, Hazlewood, du Plessis, Rajat Patidar, Kohli, Maxwell, Prabhudessai, Karthik",178.4833333,5.983333333
202240,SRH,GT,"Wankhede Stadium, Mumbai",loss,"Abhishek Sharma, Markram, Marco Jansen, Washington Sundar, T Natarajan, Umran Malik, Bhuvneshwar, Tripathi, Williamson, Shashank Singh, Pooran",177.8245614,6.263157895
202241,KKR,DC,"Wankhede Stadium, Mumbai",loss,"Shreyas Iyer, Nitish Rana, Narine, Southee, Umesh Yadav, Harshit Rana, Venkatesh Iyer, Rinku Singh, Russell, Finch, Indrajith",169.8181818,6.527272727
202242,PBKS,LSG,"Maharashtra Cricket Association Stadium, Pune",loss,"Rishi Dhawan, Bairstow, Rabada, Livingstone, Rahul Chahar, Arshdeep Singh, Sandeep Sharma, Mayank, Dhawan, Rajapaksa, Jitesh Sharma",176.9491525,6.508474576
202243,RCB,GT,"Brabourne Stadium, Mumbai",loss,"Kohli, Rajat Patidar, Siraj, Harshal Patel, Hasaranga, Maxwell, Hazlewood, Shahbaz Ahmed, Lomror, du Plessis, Karthik",178.4833333,5.983333333
202244,RR,MI,"Dr DY Patil Sports Academy, Mumbai",loss,"Buttler, Ashwin, Daryl Mitchell, Prasidh, Chahal, Boult, Kuldeep Sen, Hetmyer, Padikkal, Samson, Riyan Parag",176.8833333,5.9
202245,DC,LSG,"Wankhede Stadium, Mumbai",loss,"Axar, Thakur, Pant, Kuldeep Yadav, Chetan Sakariya, Mustafizur, Powell, Mitchell Marsh, Lalit Yadav, Prithvi Shaw, Warner",170.4181818,6.672727273
202246,SRH,CSK,"Maharashtra Cricket Association Stadium, Pune",loss,"Williamson, Pooran, Markram, Umran Malik, T Natarajan, Abhishek Sharma, Bhuvneshwar, Marco Jansen, Shashank Singh, Washington Sundar, Tripathi",177.8245614,6.263157895
202247,RR,KKR,"Wankhede Stadium, Mumbai",loss,"Samson, Ashwin, Prasidh, Boult, Buttler, Chahal, Kuldeep Sen, Hetmyer, Karun Nair, Riyan Parag, Padikkal",176.8833333,5.9
202248,GT,PBKS,"Dr DY Patil Sports Academy, Mumbai",loss,"Sai Sudharsan, Rashid Khan, Alzarri Joseph, Ferguson, Shami, Sangwan, W Saha, Rahul Tewatia, Miller, Hardik Pandya, Shubman Gill",177.3666667,5.4
202249,CSK,RCB,"Maharashtra Cricket Association Stadium, Pune",loss,"Moeen Ali, Conway, Jadeja, M Theekshana, Pretorius, Gaikwad, Mukesh Choudhary, Simarjeet Singh, Rayudu, Dhoni, Uthappa",174.8596491,5.947368421
202250,SRH,DC,"Brabourne Stadium, Mumbai",loss,"Pooran, Abbott, Markram, Kartik Tyagi, Bhuvneshwar, Umran Malik, Shreyas Gopal, Tripathi, Williamson, Abhishek Sharma, Shashank Singh",177.8245614,6.263157895
202251,GT,MI,"Brabourne Stadium, Mumbai",loss,"W Saha, Shubman Gill, Shami, Ferguson, Rashid Khan, Alzarri Joseph, Sangwan, Hardik Pandya, Miller, Sai Sudharsan, Rahul Tewatia",177.3666667,5.4
202252,PBKS,RR,"Wankhede Stadium, Mumbai",loss,"Bairstow, Arshdeep Singh, Rabada, Sandeep Sharma, Livingstone, Rahul Chahar, Jitesh Sharma, Rishi Dhawan, Dhawan, Rajapaksa, Mayank",176.9491525,6.508474576
202253,KKR,LSG,"Maharashtra Cricket Association Stadium, Pune",loss,"Russell, Narine, Shivam Mavi, Southee, Anukul Roy, Finch, Harshit Rana, Nitish Rana, Rinku Singh, Shreyas Iyer, Indrajith",169.8181818,6.527272727
202254,SRH,RCB,"Wankhede Stadium, Mumbai",loss,"Tripathi, Bhuvneshwar, J Suchith, Fazalhaq Farooqi, Kartik Tyagi, Markram, Abhishek Sharma, Pooran, Umran Malik, Shashank Singh",177.8245614,6.263157895
202255,DC,CSK,"Dr DY Patil Sports Academy, Mumbai",loss,"Mitchell Marsh, Thakur, Kuldeep Yadav, Nortje, Khaleel Ahmed, Axar, Warner, Pant, Powell, Srikar Bharat, Ripal Patel",170.4181818,6.672727273
202256,MI,KKR,"Dr DY Patil Sports Academy, Mumbai",loss,"Ishan Kishan, Daniel Sams, Pollard, Murugan Ashwin, Bumrah, Kumar Kartikeya, Meredith, Ramandeep Singh, Tim David, Rohit, Tilak Varma",177.1864407,6.13559322
202257,LSG,GT,"Maharashtra Cricket Association Stadium, Pune",loss,"Avesh Khan, Holder, Krunal Pandya, Hooda, Mohsin Khan, Chameera, Rahul, Ayush Badoni, de Kock, Karan Sharma, Stoinis",177.7017544,6.087719298
202258,RR,DC,"Dr DY Patil Sports Academy, Mumbai",loss,"Ashwin, Padikkal, Boult, Chahal, Jaiswal, Kuldeep Sen, Prasidh, Buttler, van der Dussen, Riyan Parag, Samson",176.8833333,5.9
202259,CSK,MI,"Wankhede Stadium, Mumbai",loss,"Dhoni, Mukesh Choudhary, Dwayne Bravo, Simarjeet Singh, M Theekshana, Moeen Ali, Rayudu, Shivam Dube, Uthappa, Gaikwad, Conway",174.8596491,5.947368421
202260,RCB,PBKS,"Brabourne Stadium, Mumbai",loss,"Shahbaz Ahmed, Maxwell, Harshal Patel, Hazlewood, Hasaranga, Siraj, Rajat Patidar, Kohli, Karthik, du Plessis, Lomror",178.4833333,5.983333333
202261,SRH,KKR,"Maharashtra Cricket Association Stadium, Pune",loss,"Bhuvneshwar, Washington Sundar, Umran Malik, Abhishek Sharma, Marco Jansen, Markram, T Natarajan, Williamson, Tripathi, Shashank Singh, Pooran",177.8245614,6.263157895
202262,CSK,GT,"Wankhede Stadium, Mumbai",loss,"Gaikwad, N Jagadeesan, Moeen Ali, Santner, Solanki, Matheesha Pathirana, Simarjeet Singh, Mukesh Choudhary, Dhoni, Conway, Shivam Dube",174.8596491,5.947368421
202263,LSG,RR,"Brabourne Stadium, Mumbai",loss,"Hooda, Krunal Pandya, Mohsin Khan, Ravi Bishnoi, Stoinis, Chameera, Avesh Khan, Rahul, Holder, de Kock, Ayush Badoni",177.7017544,6.087719298
202264,PBKS,DC,"Dr DY Patil Sports Academy, Mumbai",loss,"Rahul Chahar, Jitesh Sharma, Livingstone, Arshdeep Singh, Rishi Dhawan, Rabada, Harpreet Brar, Dhawan, Bairstow, Rajapaksa, Mayank",176.9491525,6.508474576
202265,MI,SRH,"Wankhede Stadium, Mumbai",loss,"Rohit, Daniel Sams, Ishan Kishan, Bumrah, Meredith, Ramandeep Singh, Tim David, Markande, Sanjay Yadav, Tilak Varma, Tristan Stubbs",177.1864407,6.13559322
202266,KKR,LSG,"Dr DY Patil Sports Academy, Mumbai",loss,"Narine, Shreyas Iyer, Nitish Rana, Russell, Billings, Chakaravarthy, Southee, Umesh Yadav, Rinku Singh, Abhijeet Tomar, Venkatesh Iyer",169.8181818,6.527272727
202267,GT,RCB,"Wankhede Stadium, Mumbai",loss,"Hardik Pandya, Rashid Khan, Miller, Yash Dayal, Sai Kishore, W Saha, Shami, Wade, Ferguson, Shubman Gill, Rahul Tewatia",177.3666667,5.4
202268,CSK,RR,"Brabourne Stadium, Mumbai",loss,"Moeen Ali, Dhoni, Matheesha Pathirana, Mukesh Choudhary, Simarjeet Singh, Santner, Conway, Solanki, Rayudu, Gaikwad, N Jagadeesan",174.8596491,5.947368421
202269,DC,MI,"Wankhede Stadium, Mumbai",loss,"Powell, Pant, Axar, Thakur, Kuldeep Yadav, Nortje, Prithvi Shaw, Khaleel Ahmed, Mitchell Marsh, Sarfaraz Khan, Warner",170.4181818,6.672727273
202270,SRH,PBKS,"Wankhede Stadium, Mumbai",loss,"Washington Sundar, Abhishek Sharma, J Suchith, Fazalhaq Farooqi, Shepherd, Tripathi, Markram, Umran Malik, Bhuvneshwar, Pooran, Priyam Garg",177.8245614,6.263157895
202271,RR,GT,"Eden Gardens, Kolkata",loss,"Buttler, Ashwin, Obed McCoy, Samson, Boult, Chahal, Prasidh, Padikkal, Jaiswal, Hetmyer, Riyan Parag",176.8833333,5.9
202272,LSG,RCB,"Eden Gardens, Kolkata",loss,"Rahul, Chameera, Hooda, Avesh Khan, Krunal Pandya, Mohsin Khan, Ravi Bishnoi, Stoinis, Vohra, Lewis, de Kock",177.7017544,6.087719298
202273,RCB,RR,"Narendra Modi Stadium, Ahmedabad",loss,"Rajat Patidar, Maxwell, du Plessis, Hazlewood, Hasaranga, Shahbaz Ahmed, Harshal Patel, Siraj, Lomror, Kohli, Karthik",178.4833333,5.983333333
202274,RR,GT,"Narendra Modi Stadium, Ahmedabad",loss,"Buttler, Boult, Ashwin, Prasidh, Chahal, Obed McCoy, Jaiswal, Riyan Parag, Hetmyer, Samson, Padikkal",176.8833333,5.9
202301,CSK,GT,"Narendra Modi Stadium, Ahmedabad",loss,"Gaikwad, RS Hangargekar, Santner, Jadeja, Chahar, Tushar Deshpande, Shivam Dube, Moeen Ali, Rayudu, Dhoni, Conway",174.8596491,5.947368421
202302,KKR,PBKS,"Punjab Cricket Association IS Bindra Stadium, Mohali",loss,"Venkatesh Iyer, Thakur, Narine, Chakaravarthy, Southee, Umesh Yadav, Russell, Nitish Rana, Gurbaz, Anukul Roy, Mandeep",169.8181818,6.527272727
202303,DC,LSG,"Bharat Ratna Shri Atal Bihari Vajpayee Ekana Cricket Stadium, Lucknow",loss,"Warner, Axar, Kuldeep Yadav, Sakariya, Mukesh Kumar, Khaleel Ahmed, Rossouw, Prithvi Shaw, Sarfaraz Khan, Aman Hakim Khan, Powell",170.4181818,6.672727273
202304,SRH,RR,"Rajiv Gandhi International Stadium, Hyderabad",loss,"Adil Rashid, Abdul Samad, Bhuvneshwar, Umran Malik, Fazalhaq Farooqi, Mayank, Washington Sundar, Harry Brook, T Natarajan, Glenn Phillips, Abhishek Sharma",177.8245614,6.263157895
202305,MI,RCB,"M.Chinnaswamy Stadium, Bengaluru",loss,"Tilak Varma, Arshad Khan, Chawla, Jofra Archer, Behrendorff, Suryakumar Yadav, Green, Ishan Kishan, Nehal Wadhera, Rohit, Hrithik Shokeen",177.1864407,6.13559322
202306,LSG,CSK,"MA Chidambaram Stadium, Chennai",loss,"Mayers, Mark Wood, Ravi Bishnoi, Yash Thakur, Gowtham, Krunal Pandya, Avesh Khan, Ayush Badoni, Pooran, Rahul, Stoinis",177.7017544,6.087719298
202307,DC,GT,"Arun Jaitley Stadium, Delhi",loss,"Warner, Sarfaraz Khan, Nortje, Khaleel Ahmed, Mukesh Kumar, Mitchell Marsh, Axar, Kuldeep Yadav, Abishek Porel, Aman Hakim Khan, Prithvi Shaw",170.4181818,6.672727273
202308,RR,PBKS,"Barsapara Cricket Stadium, Guwahati",loss,"Ashwin, KM Asif, Padikkal, Samson, Boult, Chahal, Holder, Hetmyer, Dhruv Jurel, Riyan Parag, Buttler",176.8833333,5.9
202309,RCB,KKR,"Eden Gardens, Kolkata",loss,"Willey, M Bracewell, Siraj, Akash Deep, Harshal Patel, Karn Sharma, Kohli, du Plessis, Shahbaz Ahmed, Karthik, Maxwell",178.4833333,5.983333333
202310,SRH,LSG,"Bharat Ratna Shri Atal Bihari Vajpayee Ekana Cricket Stadium, Lucknow",loss,"Tripathi, Washington Sundar, Anmolpreet Singh, Adil Rashid, Fazalhaq Farooqi, T Natarajan, Umran Malik, Bhuvneshwar, Markram, Abdul Samad, Mayank",177.8245614,6.263157895
202311,DC,RR,"Barsapara Cricket Stadium, Guwahati",loss,"Warner, Axar, Kuldeep Yadav, Lalit Yadav, Mukesh Kumar, Nortje, Powell, Khaleel Ahmed, Rossouw, Abishek Porel, Prithvi Shaw",170.4181818,6.672727273
202312,MI,CSK,"Wankhede Stadium, Mumbai",loss,"Chawla, Green, Hrithik Shokeen, Kartikeya, Ishan Kishan, Tim David, Arshad Khan, Tilak Varma, Behrendorff, Rohit, Tristan Stubbs",177.1864407,6.13559322
202313,GT,KKR,"Narendra Modi Stadium, Ahmedabad",loss,"Sai Sudharsan, Shubman Gill, Joshua Little, Alzarri Joseph, Rashid Khan, Shami, Shankar, Yash Dayal, Saha, Abhinav Manohar, Miller",177.3666667,5.4
202314,PBKS,SRH,"Rajiv Gandhi International Stadium, Hyderabad",loss,"Dhawan, Sam Curran, Rahul Chahar, Nathan Ellis, Harpreet Brar, Arshdeep Singh, Mohit Rathee, Jitesh Sharma, Raza, Short, Shahrukh Khan",176.9491525,6.508474576
202315,RCB,LSG,"M.Chinnaswamy Stadium, Bengaluru",loss,"du Plessis, Kohli, Maxwell, Siraj, Parnell, Willey, Harshal Patel, Karn Sharma, Shahbaz Ahmed, Karthik",178.4833333,5.983333333
202316,DC,MI,"Arun Jaitley Stadium, Delhi",loss,"Axar, Warner, Lalit Yadav, Nortje, Mustafizur, Manish Pandey, Kuldeep Yadav, Mukesh Kumar, Prithvi Shaw, Powell, Yash Dhull",170.4181818,6.672727273
202317,CSK,RR,"MA Chidambaram Stadium, Chennai",loss,"Jadeja, Conway, Akash Singh, Tushar Deshpande, Theekshana, Moeen Ali, Rahane, Dhoni, Magala, Shivam Dube, Gaikwad",174.8596491,5.947368421
202318,PBKS,GT,"Punjab Cricket Association IS Bindra Stadium, Mohali",loss,"Sam Curran, Short, Harpreet Brar, Rajapaksa, Arshdeep Singh, Rabada, Jitesh Sharma, Rahul Chahar, Shahrukh Khan, Dhawan, Prabhsimran",176.9491525,6.508474576
202319,KKR,SRH,"Eden Gardens, Kolkata",loss,"Nitish Rana, Rinku Singh, Narine, Chakaravarthy, Suyash Sharma, N Jagadeesan, Russell, Umesh Yadav, Ferguson, Thakur, Venkatesh Iyer",169.8181818,6.527272727
202320,DC,RCB,"M.Chinnaswamy Stadium, Bengaluru",loss,"Nortje, Manish Pandey, Axar, Lalit Yadav, Kuldeep Yadav, Mustafizur, Mitchell Marsh, Warner, Aman Hakim Khan, Abishek Porel, Yash Dhull",170.4181818,6.672727273
202321,LSG,PBKS,"Bharat Ratna Shri Atal Bihari Vajpayee Ekana Cricket Stadium, Lucknow",loss,"Rahul, Krunal Pandya, Gowtham, Mark Wood, Mayers, Avesh Khan, Yudhvir Singh, Ravi Bishnoi, Stoinis, Ayush Badoni, Hooda",177.7017544,6.087719298
202322,KKR,MI,"Wankhede Stadium, Mumbai",loss,"Venkatesh Iyer, Chakaravarthy, Suyash Sharma, Thakur, Narine, Rinku Singh, Russell, Gurbaz, Umesh Yadav, Nitish Rana, Ferguson",169.8181818,6.527272727
202323,GT,RR,"Narendra Modi Stadium, Ahmedabad",loss,"Hardik Pandya, Shubman Gill, Miller, Rashid Khan, Shami, Sai Sudharsan, Alzarri Joseph, Noor Ahmad, Abhinav Manohar, Mohit Sharma, Saha",177.3666667,5.4
202324,RCB,CSK,"M.Chinnaswamy Stadium, Bengaluru",loss,"Maxwell, du Plessis, Parnell, Siraj, Harshal Patel, Vijaykumar Vyshak, Karthik, Hasaranga, Prabhudessai, Shahbaz Ahmed, Lomror",178.4833333,5.983333333
202325,SRH,MI,"Rajiv Gandhi International Stadium, Hyderabad",loss,"Mayank, Marco Jansen, Washington Sundar, Bhuvneshwar, Markande, T Natarajan, Klaasen, Markram, Abdul Samad, Harry Brook, Tripathi",177.8245614,6.263157895
202326,RR,LSG,"Sawai Mansingh Stadium, Jaipur",loss,"Buttler, Jaiswal, Ashwin, Sandeep Sharma, Boult, Chahal, Holder, Padikkal, Riyan Parag, Hetmyer, Samson",176.8833333,5.9
202327,PBKS,RCB,"Punjab Cricket Association IS Bindra Stadium, Mohali",loss,"Sam Curran, Harpreet Brar, Prabhsimran, Jitesh Sharma, Nathan Ellis, Arshdeep Singh, Rahul Chahar, Livingstone, Harpreet Singh, Short, Shahrukh Khan",176.9491525,6.508474576
202328,KKR,DC,"Arun Jaitley Stadium, Delhi",loss,"Roy, Russell, Chakaravarthy, Narine, Nitish Rana, Anukul Roy, Mandeep, Umesh Yadav, Khejroliya, Rinku Singh, Litton Das",169.8181818,6.527272727
202329,SRH,CSK,"MA Chidambaram Stadium, Chennai",loss,"Marco Jansen, Abhishek Sharma, Markande, Washington Sundar, Tripathi, Markram, Mayank Dagar, Umran Malik, Klaasen, Harry Brook, Bhuvneshwar",177.8245614,6.263157895
202330,LSG,GT,"Bharat Ratna Shri Atal Bihari Vajpayee Ekana Cricket Stadium, Lucknow",loss,"Rahul, Krunal Pandya, Ravi Bishnoi, Naveen-ul-Haq, Mayers, Stoinis, Avesh Khan, Mishra, Pooran, Ayush Badoni, Hooda",177.7017544,6.087719298
202331,MI,PBKS,"Wankhede Stadium, Mumbai",loss,"Green, Rohit, Jofra Archer, Suryakumar Yadav, Arjun Tendulkar, Behrendorff, Chawla, Hrithik Shokeen, Tim David, Ishan Kishan, Tilak Varma",177.1864407,6.13559322
202332,RR,RCB,"M.Chinnaswamy Stadium, Bengaluru",loss,"Jaiswal, Padikkal, Ashwin, Chahal, Boult, Sandeep Sharma, Holder, Dhruv Jurel, Samson, Hetmyer, Buttler",176.8833333,5.9
202333,KKR,CSK,"Eden Gardens, Kolkata",loss,"Rinku Singh, Chakaravarthy, Roy, Suyash Sharma, Umesh Yadav, Nitish Rana, Venkatesh Iyer, Wiese, Khejroliya, Narine, Russell",169.8181818,6.527272727
202334,SRH,DC,"Rajiv Gandhi International Stadium, Hyderabad",loss,"Mayank, Washington Sundar, Markande, Bhuvneshwar, Tripathi, Klaasen, T Natarajan, Marco Jansen, Harry Brook, Umran Malik, Markram",177.8245614,6.263157895
202335,MI,GT,"Narendra Modi Stadium, Ahmedabad",loss,"Green, Chawla, Behrendorff, Meredith, Kartikeya, Arjun Tendulkar, Ishan Kishan, Nehal Wadhera, Suryakumar Yadav, Rohit, Tilak Varma",177.1864407,6.13559322
202336,RCB,KKR,"M.Chinnaswamy Stadium, Bengaluru",loss,"Kohli, Vijaykumar Vyshak, Willey, Hasaranga, Harshal Patel, Siraj, Karthik, Lomror, Shahbaz Ahmed, Prabhudessai, du Plessis",178.4833333,5.983333333
202337,CSK,RR,"Sawai Mansingh Stadium, Jaipur",loss,"Jadeja, Shivam Dube, Gaikwad, Pathirana, Theekshana, Moeen Ali, Tushar Deshpande, Conway, Rahane, Akash Singh, Rayudu",174.8596491,5.947368421
202338,PBKS,LSG,"Punjab Cricket Association IS Bindra Stadium, Mohali",loss,"Atharva Taide, Sam Curran, Rabada, Arshdeep Singh, Raza, Rahul Chahar, Gurnoor Brar, Livingstone, Prabhsimran, Jitesh Sharma, Shahrukh Khan",176.9491525,6.508474576
202339,KKR,GT,"Eden Gardens, Kolkata",loss,"Gurbaz, Russell, Chakaravarthy, Suyash Sharma, Rinku Singh, Harshit Rana, Narine, N Jagadeesan, Venkatesh Iyer, Nitish Rana, Wiese",169.8181818,6.527272727
202340,DC,SRH,"Arun Jaitley Stadium, Delhi",loss,"Mitchell Marsh, Axar, Philip Salt, Nortje, Ishant, Kuldeep Yadav, Mukesh Kumar, Sarfaraz Khan, Priyam Garg, Ripal Patel, Manish Pandey",170.4181818,6.672727273
202341,CSK,PBKS,"MA Chidambaram Stadium, Chennai",loss,"Conway, Gaikwad, Jadeja, Tushar Deshpande, Pathirana, Theekshana, Akash Singh, Shivam Dube, Moeen Ali, Dhoni",174.8596491,5.947368421
202342,RR,MI,"Wankhede Stadium, Mumbai",loss,"Jaiswal, Holder, Ashwin, Boult, Sandeep Sharma, Buttler, Chahal, Samson, Hetmyer, Kuldeep Sen, Padikkal",176.8833333,5.9
202343,LSG,RCB,"Bharat Ratna Shri Atal Bihari Vajpayee Ekana Cricket Stadium, Lucknow",loss,"Mishra, Naveen-ul-Haq, Krunal Pandya, Ravi Bishnoi, Gowtham, Stoinis, Yash Thakur, Ayush Badoni, Pooran, Rahul, Hooda",177.7017544,6.087719298
202344,GT,DC,"Narendra Modi Stadium, Ahmedabad",loss,"Hardik Pandya, Abhinav Manohar, Rashid Khan, Noor Ahmad, Mohit Sharma, Shami, Joshua Little, Shankar, Rahul Tewatia, Shubman Gill, Saha",177.3666667,5.4
202346,PBKS,MI,"Punjab Cricket Association IS Bindra Stadium, Mohali",loss,"Livingstone, Jitesh Sharma, Short, Arshdeep Singh, Nathan Ellis, Dhawan, Sam Curran, Rahul Chahar, Rishi Dhawan, Harpreet Brar, Prabhsimran",176.9491525,6.508474576
202347,SRH,KKR,"Rajiv Gandhi International Stadium, Hyderabad",loss,"Markram, Bhuvneshwar, Markande, T Natarajan, Marco Jansen, Klaasen, Abdul Samad, Kartik Tyagi, Mayank, Abhishek Sharma, Tripathi",177.8245614,6.263157895
202348,RR,GT,"Sawai Mansingh Stadium, Jaipur",loss,"Boult, Zampa, Sandeep Sharma, Chahal, Samson, Hetmyer, Padikkal, Ashwin, Jaiswal, Dhruv Jurel, Buttler",176.8833333,5.9
202349,MI,CSK,"MA Chidambaram Stadium, Chennai",loss,"Nehal Wadhera, Tristan Stubbs, Jofra Archer, Chawla, Raghav Goyal, Suryakumar Yadav, Arshad Khan, Green, Ishan Kishan, Akash Madhwal, Tim David",177.1864407,6.13559322
202350,RCB,DC,"Arun Jaitley Stadium, Delhi",loss,"Kohli, Lomror, du Plessis, Hasaranga, Hazlewood, Karn Sharma, Harshal Patel, Siraj, Maxwell, Karthik, Anuj Rawat",178.4833333,5.983333333
202351,LSG,GT,"Narendra Modi Stadium, Ahmedabad",loss,"Mayers, de Kock, Krunal Pandya, Yash Thakur, Avesh Khan, Mohsin Khan, Ravi Bishnoi, Stoinis, Ayush Badoni, Hooda, Swapnil Singh",177.7017544,6.087719298
202352,RR,SRH,"Sawai Mansingh Stadium, Jaipur",loss,"Buttler, Samson, Ashwin, Sandeep Sharma, Chahal, Kuldip Yadav, Jaiswal, Murugan Ashwin, Obed McCoy, Hetmyer",176.8833333,5.9
202353,PBKS,KKR,"Eden Gardens, Kolkata",loss,"Dhawan, Sam Curran, Arshdeep Singh, Rahul Chahar, Nathan Ellis, Rishi Dhawan, Livingstone, Jitesh Sharma, Harpreet Brar, Shahrukh Khan, Prabhsimran",176.9491525,6.508474576
202354,RCB,MI,"Wankhede Stadium, Mumbai",loss,"du Plessis, Hasaranga, Maxwell, Harshal Patel, Vijaykumar Vyshak, Hazlewood, Siraj, Karthik, Kedar Jadhav, Anuj Rawat, Kohli",178.4833333,5.983333333
202355,DC,CSK,"MA Chidambaram Stadium, Chennai",loss,"Axar, Rossouw, Manish Pandey, Kuldeep Yadav, Khaleel Ahmed, Mitchell Marsh, Lalit Yadav, Ripal Patel, Ishant, Philip Salt, Aman Hakim Khan",170.4181818,6.672727273
202356,KKR,RR,"Eden Gardens, Kolkata",loss,"Venkatesh Iyer, Nitish Rana, Chakaravarthy, Rinku Singh, Suyash Sharma, Narine, Harshit Rana, Anukul Roy, Gurbaz, Russell, Thakur",169.8181818,6.527272727
202357,GT,MI,"Wankhede Stadium, Mumbai",loss,"Rashid Khan, Alzarri Joseph, Noor Ahmad, Miller, Mohit Sharma, Shami, Shankar, Rahul Tewatia, Shubman Gill, Saha, Abhinav Manohar",177.3666667,5.4
202358,SRH,LSG,"Rajiv Gandhi International Stadium, Hyderabad",loss,"Klaasen, Anmolpreet Singh, Abdul Samad, Abhishek Sharma, Bhuvneshwar, Fazalhaq Farooqi, T Natarajan, Markram, Markande, Glenn Phillips, Tripathi",177.8245614,6.263157895
202359,DC,PBKS,"Arun Jaitley Stadium, Delhi",loss,"Kuldeep Yadav, Praveen Dubey, Axar, Khaleel Ahmed, Warner, Aman Hakim Khan, Ishant, Philip Salt, Mukesh Kumar, Mitchell Marsh, Rossouw",170.4181818,6.672727273
202360,RR,RCB,"Sawai Mansingh Stadium, Jaipur",loss,"Zampa, KM Asif, Sandeep Sharma, Ashwin, Chahal, Hetmyer, Root, Dhruv Jurel, Samson, Padikkal, Buttler",176.8833333,5.9
202361,CSK,KKR,"MA Chidambaram Stadium, Chennai",loss,"Jadeja, Shivam Dube, Conway, Moeen Ali, Tushar Deshpande, Pathirana, Chahar, Theekshana, Gaikwad, Rahane, Rayudu",174.8596491,5.947368421
202362,SRH,GT,"Narendra Modi Stadium, Ahmedabad",loss,"Bhuvneshwar, Klaasen, Marco Jansen, Markande, Fazalhaq Farooqi, T Natarajan, Markram, Abhishek Sharma, Sanvir Singh, Anmolpreet Singh, Abdul Samad",177.8245614,6.263157895
202363,MI,LSG,"Bharat Ratna Shri Atal Bihari Vajpayee Ekana Cricket Stadium, Lucknow",loss,"Ishan Kishan, Rohit, Akash Madhwal, Jordan, Behrendorff, Nehal Wadhera, Tim David, Green, Chawla, Hrithik Shokeen, Suryakumar Yadav",177.1864407,6.13559322
202365,SRH,RCB,"Rajiv Gandhi International Stadium, Hyderabad",loss,"Klaasen, Abhishek Sharma, Bhuvneshwar, T Natarajan, Mayank Dagar, Harry Brook, Markram, Nitish Reddy, Tripathi, Glenn Phillips, Kartik Tyagi",177.8245614,6.263157895
202366,PBKS,RR,"Himachal Pradesh Cricket Association Stadium, Dharamsala",loss,"Sam Curran, Jitesh Sharma, Arshdeep Singh, Rabada, Nathan Ellis, Shahrukh Khan, Rahul Chahar, Dhawan, Livingstone, Atharva Taide, Prabhsimran",176.9491525,6.508474576
202367,DC,CSK,"Arun Jaitley Stadium, Delhi",loss,"Warner, Sakariya, Lalit Yadav, Axar, Khaleel Ahmed, Nortje, Kuldeep Yadav, Yash Dhull, Aman Hakim Khan, Prithvi Shaw, Philip Salt",170.4181818,6.672727273
202368,KKR,LSG,"Eden Gardens, Kolkata",loss,"Rinku Singh, Roy, Vaibhav Arora, Narine, Chakaravarthy, Thakur, Harshit Rana, Gurbaz, Nitish Rana, Russell, Venkatesh Iyer",169.8181818,6.527272727
202369,SRH,MI,"Wankhede Stadium, Mumbai",loss,"Vivrant Sharma, Mayank, Bhuvneshwar, Mayank Dagar, Kartik Tyagi, Nitish Reddy, Umran Malik, Klaasen, Markram, Glenn Phillips, Sanvir Singh",177.8245614,6.263157895
202370,RCB,GT,"M.Chinnaswamy Stadium, Bengaluru",loss,"Kohli, Harshal Patel, Siraj, Vijaykumar Vyshak, M Bracewell, Parnell, du Plessis, Himanshu Sharma, Anuj Rawat, Maxwell, Lomror",178.4833333,5.983333333
202371,GT,CSK,"MA Chidambaram Stadium, Chennai",loss,"Rashid Khan, Shubman Gill, Shami, Noor Ahmad, Darshan Nalkande, Mohit Sharma, Shanaka, Shankar, Saha, Hardik Pandya, Miller",177.3666667,5.4
202373,MI,GT,"Narendra Modi Stadium, Ahmedabad",loss,"Green, Suryakumar Yadav, Jordan, Behrendorff, Akash Madhwal, Chawla, Kartikeya, Tilak Varma, Vishnu Vinod, Rohit, Nehal Wadhera",177.1864407,6.13559322
202374,CSK,GT,"Narendra Modi Stadium, Ahmedabad",loss,"Jadeja, Conway, Pathirana, Chahar, Theekshana, Tushar Deshpande, Shivam Dube, Gaikwad, Rahane, Rayudu, Dhoni",174.8596491,5.947368421
202401,RCB,CSK,"MA Chidambaram Stadium, Chennai",loss,"Green, Karthik, Alzarri Joseph, Anuj Rawat, Siraj, du Plessis, Kohli, Yash Dayal, Karn Sharma, Mayank Dagar, Maxwell",178.4833333,5.983333333
202402,DC,PBKS,"Maharaja Yadavindra Singh International Cricket Stadium, Mullanpur, Chandigarh",loss,"Mitchell Marsh, Axar, Kuldeep Yadav, Shai Hope, Khaleel Ahmed, Warner, Sumit Kumar, Ishant, Pant, Abishek Porel, Tristan Stubbs",170.4181818,6.672727273
202403,SRH,KKR,"Eden Gardens, Kolkata",loss,"Klaasen, Bhuvneshwar, T Natarajan, Cummins, Markande, Mayank, Marco Jansen, Tripathi, Abhishek Sharma, Markram, Shahbaz Ahmed",177.8245614,6.263157895
202404,LSG,RR,"Sawai Mansingh Stadium, Jaipur",loss,"Rahul, Pooran, Krunal Pandya, Naveen-ul-Haq, Mohsin Khan, Ravi Bishnoi, Yash Thakur, Hooda, Ayush Badoni, de Kock, Stoinis",177.7017544,6.087719298
202405,MI,GT,"Narendra Modi Stadium, Ahmedabad",loss,"Brevis, Rohit, Gerald Coetzee, Bumrah, Hardik Pandya, Chawla, Shams Mulani, Tilak Varma, Naman Dhir, Wood, Tim David",177.1864407,6.13559322
202406,PBKS,RCB,"M.Chinnaswamy Stadium, Bengaluru",loss,"Dhawan, Sam Curran, Harpreet Brar, Harshal Patel, Rabada, Arshdeep Singh, Jitesh Sharma, Prabhsimran, Livingstone, Shashank Singh, Bairstow",176.9491525,6.508474576
202407,GT,CSK,"MA Chidambaram Stadium, Chennai",loss,"Sai Sudharsan, Azmatullah, Spencer Johnson, Rashid Khan, Mohit Sharma, Umesh Yadav, Sai Kishore, Saha, Miller, Rahul Tewatia, Shankar",177.3666667,5.4
202408,MI,SRH,"Rajiv Gandhi International Stadium, Hyderabad",loss,"Hardik Pandya, Tilak Varma, Gerald Coetzee, Kwena Maphaka, Bumrah, Tim David, Naman Dhir, Ishan Kishan, Shams Mulani, Chawla, Rohit",177.1864407,6.13559322
202409,DC,RR,"Sawai Mansingh Stadium, Jaipur",loss,"Axar, Warner, Pant, Khaleel Ahmed, Kuldeep Yadav, Mukesh Kumar, Nortje, Tristan Stubbs, Mitchell Marsh, Abishek Porel, Bhui",170.4181818,6.672727273
202410,RCB,KKR,"M.Chinnaswamy Stadium, Bengaluru",loss,"Kohli, Green, Yash Dayal, Vijaykumar Vyshak, Siraj, Maxwell, Mayank Dagar, Alzarri Joseph, Karthik, du Plessis, Rajat Patidar",178.4833333,5.983333333
202411,PBKS,LSG,"Bharat Ratna Shri Atal Bihari Vajpayee Ekana Cricket Stadium, Lucknow",loss,"Dhawan, Bairstow, Harshal Patel, Sam Curran, Rabada, Arshdeep Singh, Livingstone, Rahul Chahar, Harpreet Brar, Jitesh Sharma, Prabhsimran",176.9491525,6.508474576
202412,SRH,GT,"Narendra Modi Stadium, Ahmedabad",loss,"Shahbaz Ahmed, Cummins, Bhuvneshwar, Abhishek Sharma, Markande, Markram, Unadkat, Washington Sundar, Mayank, Abdul Samad, Head",177.8245614,6.263157895
202413,CSK,DC,"Dr. Y.S. Rajasekhara Reddy ACA-VDCA Cricket Stadium, Visakhapatnam",loss,"Jadeja, Rahane, Mustafizur, Mitchell, Tushar Deshpande, Pathirana, Chahar, Shivam Dube, Dhoni, Ravindra, Gaikwad",174.8596491,5.947368421
202414,MI,RR,"Wankhede Stadium, Mumbai",loss,"Bumrah, Akash Madhwal, Tilak Varma, Tim David, Chawla, Gerald Coetzee, Hardik Pandya, Ishan Kishan, Kwena Maphaka, Brevis, Naman Dhir",177.1864407,6.13559322
202415,RCB,LSG,"M.Chinnaswamy Stadium, Bengaluru",loss,"Siraj, Topley, Maxwell, Yash Dayal, Anuj Rawat, Green, Rajat Patidar, Kohli, Mayank Dagar, Lomror, du Plessis",178.4833333,5.983333333
202416,DC,KKR,"Dr. Y.S. Rajasekhara Reddy ACA-VDCA Cricket Stadium, Visakhapatnam",loss,"Nortje, Tristan Stubbs, Khaleel Ahmed, Pant, Mitchell Marsh, Rasikh Salam, Ishant, Sumit Kumar, Warner, Axar, Prithvi Shaw",170.4181818,6.672727273
202417,GT,PBKS,"Narendra Modi Stadium, Ahmedabad",loss,"Shubman Gill, Noor Ahmad, Azmatullah, Mohit Sharma, Rashid Khan, Williamson, Sai Sudharsan, Umesh Yadav, Saha, Rahul Tewatia, Shankar",177.3666667,5.4
202418,CSK,SRH,"Rajiv Gandhi International Stadium, Hyderabad",loss,"Jadeja, Rahane, Shivam Dube, Theekshana, Gaikwad, Chahar, Moeen Ali, Ravindra, Tushar Deshpande, Mitchell, Mukesh Choudhary",174.8596491,5.947368421
202419,RCB,RR,"Sawai Mansingh Stadium, Jaipur",loss,"Kohli, du Plessis, Green, Siraj, Topley, Yash Dayal, Himanshu Sharma, Mayank Dagar, Saurav Chauhan, Maxwell",178.4833333,5.983333333
202420,DC,MI,"Wankhede Stadium, Mumbai",loss,"Prithvi Shaw, Abishek Porel, Axar, Nortje, J Richardson, Tristan Stubbs, Khaleel Ahmed, Ishant, Lalit Yadav, Warner, Pant",170.4181818,6.672727273
202421,GT,LSG,"Bharat Ratna Shri Atal Bihari Vajpayee Ekana Cricket Stadium, Lucknow",loss,"Rahul Tewatia, Rashid Khan, Noor Ahmad, Spencer Johnson, Sai Sudharsan, Darshan Nalkande, Umesh Yadav, Shubman Gill, Mohit Sharma, Shankar, Sharath BR",177.3666667,5.4
202422,KKR,CSK,"MA Chidambaram Stadium, Chennai",loss,"Narine, Shreyas Iyer, Vaibhav Arora, Chakaravarthy, Starc, Russell, Angkrish Raghuvanshi, Rinku Singh, Anukul Roy, Ramandeep Singh, Venkatesh Iyer",169.8181818,6.527272727
202423,PBKS,SRH,"Maharaja Yadavindra Singh International Cricket Stadium, Mullanpur, Chandigarh",loss,"Sam Curran, Arshdeep Singh, Shashank Singh, Harshal Patel, Rabada, Harpreet Brar, Raza, Ashutosh Sharma, Dhawan, Jitesh Sharma, Prabhsimran",176.9491525,6.508474576
202424,RR,GT,"Sawai Mansingh Stadium, Jaipur",loss,"Riyan Parag, Samson, Kuldeep Sen, Avesh Khan, Chahal, Ashwin, Jaiswal, Boult, Maharaj, Buttler, Hetmyer",176.8833333,5.9
202425,RCB,MI,"Wankhede Stadium, Mumbai",loss,"du Plessis, Rajat Patidar, Akash Deep, Karthik, Topley, Vijaykumar Vyshak, Siraj, Will Jacks, Maxwell, Kohli, Saurav Chauhan",178.4833333,5.983333333
202426,LSG,DC,"Bharat Ratna Shri Atal Bihari Vajpayee Ekana Cricket Stadium, Lucknow",loss,"Ayush Badoni, Arshad Khan, Krunal Pandya, Ravi Bishnoi, Yash Thakur, Rahul, Naveen-ul-Haq, Stoinis, Hooda, de Kock, Padikkal",177.7017544,6.087719298
202427,PBKS,RR,"Maharaja Yadavindra Singh International Cricket Stadium, Mullanpur, Chandigarh",loss,"Sam Curran, Livingstone, Jitesh Sharma, Arshdeep Singh, Rabada, Harpreet Brar, Bairstow, Ashutosh Sharma, Prabhsimran, Atharva Taide, Harshal Patel",176.9491525,6.508474576
202429,MI,CSK,"Wankhede Stadium, Mumbai",loss,"Rohit, Bumrah, Hardik Pandya, Gerald Coetzee, Nabi, Tilak Varma, Akash Madhwal, Ishan Kishan, Shepherd, Shreyas Gopal, Tim David",177.1864407,6.13559322
202430,RCB,SRH,"M.Chinnaswamy Stadium, Bengaluru",loss,"Karthik, Vijaykumar Vyshak, Yash Dayal, du Plessis, Topley, Ferguson, Will Jacks, Lomror, Kohli, Anuj Rawat, Rajat Patidar",178.4833333,5.983333333
202431,KKR,RR,"Eden Gardens, Kolkata",loss,"Narine, Starc, Chakaravarthy, Harshit Rana, Vaibhav Arora, Angkrish Raghuvanshi, Russell, Philip Salt, Rinku Singh, Shreyas Iyer, Venkatesh Iyer",169.8181818,6.527272727
202432,GT,DC,"Narendra Modi Stadium, Ahmedabad",loss,"Rashid Khan, Noor Ahmad, Warrier, Rahul Tewatia, Mohit Sharma, Spencer Johnson, Abhinav Manohar, Saha, Sai Sudharsan, Miller, Shubman Gill",177.3666667,5.4
202433,PBKS,MI,"Maharaja Yadavindra Singh International Cricket Stadium, Mullanpur, Chandigarh",loss,"Harpreet Brar, Sam Curran, Harshal Patel, Ashutosh Sharma, Rabada, Shashank Singh, Arshdeep Singh, Harpreet Singh, Livingstone, Jitesh Sharma, Rossouw",176.9491525,6.508474576
202434,CSK,LSG,"Bharat Ratna Shri Atal Bihari Vajpayee Ekana Cricket Stadium, Lucknow",loss,"Jadeja, Tushar Deshpande, Moeen Ali, Mustafizur, Pathirana, Rahane, Chahar, Gaikwad, Dhoni, Shivam Dube, Sameer Rizvi",174.8596491,5.947368421
202435,DC,SRH,"Arun Jaitley Stadium, Delhi",loss,"Pant, Axar, Kuldeep Yadav, Mukesh Kumar, Abishek Porel, Nortje, Lalit Yadav, Fraser-McGurk, Khaleel Ahmed, Tristan Stubbs, Prithvi Shaw",170.4181818,6.672727273
202436,RCB,KKR,"Eden Gardens, Kolkata",loss,"Karn Sharma, Will Jacks, Green, Yash Dayal, Ferguson, Siraj, Rajat Patidar, Prabhudessai, Karthik, du Plessis, Kohli",178.4833333,5.983333333
202437,PBKS,GT,"Maharaja Yadavindra Singh International Cricket Stadium, Mullanpur, Chandigarh",loss,"Harpreet Brar, Livingstone, Sam Curran, Rabada, Prabhsimran, Harpreet Singh, Harshal Patel, Arshdeep Singh, Jitesh Sharma, Shashank Singh, Ashutosh Sharma",176.9491525,6.508474576
202438,MI,RR,"Sawai Mansingh Stadium, Jaipur",loss,"Tilak Varma, Nabi, Bumrah, Chawla, Nehal Wadhera, Hardik Pandya, N Thushara, Gerald Coetzee, Suryakumar Yadav, Tim David, Rohit",177.1864407,6.13559322
202439,CSK,LSG,"MA Chidambaram Stadium, Chennai",loss,"Gaikwad, Jadeja, Shivam Dube, Pathirana, Mustafizur, Thakur, Tushar Deshpande, Chahar, Moeen Ali, Mitchell, Rahane",174.8596491,5.947368421
202440,GT,DC,"Arun Jaitley Stadium, Delhi",loss,"Sai Sudharsan, Rashid Khan, Saha, Azmatullah, Mohit Sharma, Miller, Noor Ahmad, Warrier, Sai Kishore, Shahrukh Khan, Rahul Tewatia",177.3666667,5.4
202441,SRH,RCB,"Rajiv Gandhi International Stadium, Hyderabad",loss,"Shahbaz Ahmed, Cummins, Unadkat, T Natarajan, Abhishek Sharma, Bhuvneshwar, Markande, Nitish Reddy, Markram, Abdul Samad, Head",177.8245614,6.263157895
202442,KKR,PBKS,"Eden Gardens, Kolkata",loss,"Narine, Philip Salt, Russell, Harshit Rana, Venkatesh Iyer, Chameera, Chakaravarthy, Anukul Roy, Shreyas Iyer, Ramandeep Singh, Rinku Singh",169.8181818,6.527272727
202443,MI,DC,"Arun Jaitley Stadium, Delhi",loss,"Hardik Pandya, Tilak Varma, Chawla, Bumrah, Wood, N Thushara, Tim David, Nabi, Ishan Kishan, Suryakumar Yadav, Rohit",177.1864407,6.13559322
202444,LSG,RR,"Bharat Ratna Shri Atal Bihari Vajpayee Ekana Cricket Stadium, Lucknow",loss,"Rahul, Krunal Pandya, Hooda, Yash Thakur, Mohsin Khan, Matt Henry, Ayush Badoni, Mishra, Pooran, Stoinis, Ravi Bishnoi",177.7017544,6.087719298
202445,GT,RCB,"Narendra Modi Stadium, Ahmedabad",loss,"Sai Sudharsan, Shahrukh Khan, Noor Ahmad, Rashid Khan, Miller, Shubman Gill, Sai Kishore, Mohit Sharma, Azmatullah, Warrier, Saha",177.3666667,5.4
202446,SRH,CSK,"MA Chidambaram Stadium, Chennai",loss,"Cummins, Bhuvneshwar, Markram, T Natarajan, Unadkat, Shahbaz Ahmed, Klaasen, Nitish Reddy, Abdul Samad, Abhishek Sharma, Head",177.8245614,6.263157895
202447,DC,KKR,"Eden Gardens, Kolkata",loss,"Kuldeep Yadav, Axar, Rasikh Salam, Williams, Pant, Khaleel Ahmed, Abishek Porel, Prithvi Shaw, Fraser-McGurk, Tristan Stubbs, Kushagra",170.4181818,6.672727273
202448,MI,LSG,"Bharat Ratna Shri Atal Bihari Vajpayee Ekana Cricket Stadium, Lucknow",loss,"Nehal Wadhera, Ishan Kishan, Hardik Pandya, N Thushara, Bumrah, Gerald Coetzee, Chawla, Tim David, Tilak Varma, Nabi, Suryakumar Yadav",177.1864407,6.13559322
202451,MI,KKR,"Wankhede Stadium, Mumbai",loss,"Suryakumar Yadav, Naman Dhir, Hardik Pandya, N Thushara, Bumrah, Tim David, Chawla, Gerald Coetzee, Rohit, Nehal Wadhera, Ishan Kishan",177.1864407,6.13559322
202452,GT,RCB,"M.Chinnaswamy Stadium, Bengaluru",loss,"Joshua Little, Noor Ahmad, Rashid Khan, Shahrukh Khan, Miller, Rahul Tewatia, Sai Sudharsan, Manav Suthar, Mohit Sharma, Shankar, Shubman Gill",177.3666667,5.4
202453,PBKS,CSK,"Himachal Pradesh Cricket Association Stadium, Dharamsala",loss,"Harshal Patel, Rahul Chahar, Sam Curran, Rabada, Arshdeep Singh, Prabhsimran, Shashank Singh, Harpreet Brar, Ashutosh Sharma, Bairstow, Rossouw",176.9491525,6.508474576
202454,LSG,KKR,"Bharat Ratna Shri Atal Bihari Vajpayee Ekana Cricket Stadium, Lucknow",loss,"Stoinis, Ravi Bishnoi, Yash Thakur, Naveen-ul-Haq, Rahul, Krunal Pandya, Yudhvir Singh, Ayush Badoni, Mohsin Khan, Turner, Pooran",177.7017544,6.087719298
202455,SRH,MI,"Wankhede Stadium, Mumbai",loss,"Cummins, Marco Jansen, Head, Nitish Reddy, Bhuvneshwar, T Natarajan, Shahbaz Ahmed, Abhishek Sharma, Sanvir Singh, Mayank, Abdul Samad",177.8245614,6.263157895
202456,RR,DC,"Arun Jaitley Stadium, Delhi",loss,"Samson, Riyan Parag, Ashwin, Boult, Chahal, Sandeep Sharma, Buttler, Avesh Khan, Shubham Dubey, Powell, Ferreira",176.8833333,5.9
202457,LSG,SRH,"Rajiv Gandhi International Stadium, Hyderabad",loss,"Ayush Badoni, Rahul, Pooran, Krunal Pandya, Yash Thakur, Gowtham, Naveen-ul-Haq, Ravi Bishnoi, Stoinis, de Kock",177.7017544,6.087719298
202458,PBKS,RCB,"Himachal Pradesh Cricket Association Stadium, Dharamsala",loss,"Sam Curran, Rossouw, Harshal Patel, Arshdeep Singh, Kaverappa, Rahul Chahar, Livingstone, Shashank Singh, Bairstow, Ashutosh Sharma, Jitesh Sharma",176.9491525,6.508474576
202459,CSK,GT,"Narendra Modi Stadium, Ahmedabad",loss,"Mitchell, Moeen Ali, Thakur, Simarjeet Singh, Tushar Deshpande, Jadeja, Santner, Shivam Dube, Dhoni, Rahane, Gaikwad",174.8596491,5.947368421
202460,MI,KKR,"Eden Gardens, Kolkata",loss,"Rohit, Bumrah, Ishan Kishan, Hardik Pandya, Anshul Kamboj, Chawla, N Thushara, Tilak Varma, Suryakumar Yadav, Naman Dhir, Nehal Wadhera",177.1864407,6.13559322
202461,RR,CSK,"MA Chidambaram Stadium, Chennai",loss,"Riyan Parag, Ashwin, Buttler, Chahal, Jaiswal, Samson, Sandeep Sharma, Dhruv Jurel, Nandre Burger, Boult, Avesh Khan",176.8833333,5.9
202462,DC,RCB,"M.Chinnaswamy Stadium, Bengaluru",loss,"Axar, Kuldeep Yadav, Rasikh Salam, Mukesh Kumar, Ishant, Khaleel Ahmed, Shai Hope, Fraser-McGurk, Tristan Stubbs, Abishek Porel, Kushagra",170.4181818,6.672727273
202464,LSG,DC,"Arun Jaitley Stadium, Delhi",loss,"Arshad Khan, Krunal Pandya, Naveen-ul-Haq, Pooran, Ravi Bishnoi, Mohsin Khan, Yudhvir Singh, Ayush Badoni, Hooda, de Kock, Stoinis",177.7017544,6.087719298
202465,RR,PBKS,"Barsapara Cricket Stadium, Guwahati",loss,"Ashwin, Riyan Parag, Boult, Avesh Khan, Chahal, Sandeep Sharma, Kohler-Cadmore, Samson, Ferreira, Powell, Jaiswal",176.8833333,5.9
202467,MI,LSG,"Wankhede Stadium, Mumbai",loss,"Rohit, Naman Dhir, Hardik Pandya, N Thushara, Chawla, Brevis, Anshul Kamboj, Shepherd, Ishan Kishan, Nehal Wadhera, Arjun Tendulkar",177.1864407,6.13559322
202468,CSK,RCB,"M.Chinnaswamy Stadium, Bengaluru",loss,"Jadeja, Ravindra, Santner, Tushar Deshpande, Thakur, Theekshana, Rahane, Shivam Dube, Dhoni, Mitchell, Simarjeet Singh",174.8596491,5.947368421
202469,PBKS,SRH,"Rajiv Gandhi International Stadium, Hyderabad",loss,"Prabhsimran, Atharva Taide, Harshal Patel, Rossouw, Arshdeep Singh, Rahul Chahar, Harpreet Brar, Rishi Dhawan, Jitesh Sharma, Shashank Singh, Ashutosh Sharma",176.9491525,6.508474576
202471,SRH,KKR,"Narendra Modi Stadium, Ahmedabad",loss,"Cummins, Tripathi, Bhuvneshwar, Klaasen, T Natarajan, Nitish Reddy, V Viyaskanth, Abdul Samad, Head, Abhishek Sharma, Sanvir Singh",177.8245614,6.263157895
202472,RCB,RR,"Narendra Modi Stadium, Ahmedabad",loss,"Green, Siraj, Ferguson, Kohli, Rajat Patidar, Karn Sharma, Yash Dayal, Lomror, Swapnil Singh, du Plessis, Karthik",178.4833333,5.983333333
202473,RR,SRH,"MA Chidambaram Stadium, Chennai",loss,"Dhruv Jurel, Boult, Ashwin, Avesh Khan, Chahal, Sandeep Sharma, Jaiswal, Kohler-Cadmore, Powell, Samson, Hetmyer",176.8833333,5.9
202474,SRH,KKR,"MA Chidambaram Stadium, Chennai",loss,"Cummins, Markram, Shahbaz Ahmed, Klaasen, Unadkat, Tripathi, Bhuvneshwar, T Natarajan, Nitish Reddy, Abdul Samad, Abhishek Sharma",177.8245614,6.263157895
202501,KKR,RCB,"Eden Gardens, Kolkata",loss,"Narine, Rahane, Harshit Rana, Varun Chakaravarthy, Angkrish Raghuvanshi, Vaibhav Arora, Spencer Johnson, Rinku Singh, Ramandeep Singh, Venkatesh Iyer, de Kock",169.8181818,6.527272727
202502,RR,SRH,"Rajiv Gandhi International Stadium, Hyderabad",loss,"Samson, Dhruv Jurel, Theekshana, Jofra Archer, Tushar Deshpande, Hetmyer, Sandeep Sharma, Fazalhaq Farooqi, Nitish Rana, Shubham Dubey, Jaiswal",176.8833333,5.9
202503,MI,CSK,"MA Chidambaram Stadium, Chennai",loss,"Will Jacks, Naman Dhir, Chahar, Santner, Suryakumar Yadav, Tilak Varma, Vignesh Puthur, Boult, Robin Minz, Satyanarayana Raju, Rickelton",177.1864407,6.13559322
202504,LSG,DC,"Dr. Y.S. Rajasekhara Reddy ACA-VDCA Cricket Stadium, Visakhapatnam",loss,"Mitchell Marsh, Pooran, Ravi Bishnoi, Digvesh Rathi, Prince Yadav, M Siddharth, Miller, Shahbaz Ahmed, Thakur, Markram, Pant",177.7017544,6.087719298
202505,GT,PBKS,"Narendra Modi Stadium, Ahmedabad",loss,"Sai Sudharsan, Buttler, Rutherford, Siraj, Rabada, Rashid Khan, Sai Kishore, Prasidh, Shubman Gill, Arshad Khan, Rahul Tewatia",177.3666667,5.4
202506,RR,KKR,"Barsapara Cricket Stadium, Guwahati",loss,"Riyan Parag, Dhruv Jurel, Jofra Archer, Theekshana, Jaiswal, Hasaranga, Nitish Rana, Samson, Sandeep Sharma, Shubham Dubey, Hetmyer",176.8833333,5.9
202507,SRH,LSG,"Rajiv Gandhi International Stadium, Hyderabad",loss,"Head, Nitish Reddy, Harshal Patel, Cummins, Zampa, Shami, Abhishek Sharma, Klaasen, Simarjeet Singh, Aniket Verma, Abhinav Manohar",177.8245614,6.263157895
202508,CSK,RCB,"MA Chidambaram Stadium, Chennai",loss,"Jadeja, Sam Curran, Ravindra, Noor Ahmad, Pathirana, Khaleel Ahmed, Ashwin, Dhoni, Shivam Dube, Hooda, Gaikwad",174.8596491,5.947368421
202509,MI,GT,"Narendra Modi Stadium, Ahmedabad",loss,"Hardik Pandya, Tilak Varma, Suryakumar Yadav, Santner, Chahar, Boult, Satyanarayana Raju, Mujeeb, Naman Dhir, Rickelton, Robin Minz",177.1864407,6.13559322
202510,SRH,DC,"Dr. Y.S. Rajasekhara Reddy ACA-VDCA Cricket Stadium, Visakhapatnam",loss,"Aniket Verma, Harshal Patel, Zeeshan Ansari, Klaasen, Shami, Abhishek Sharma, Cummins, Mulder, Head, Abhinav Manohar, Ishan Kishan",177.8245614,6.263157895
202511,CSK,RR,"Barsapara Cricket Stadium, Guwahati",loss,"Gaikwad, Jadeja, Pathirana, Ashwin, Khaleel Ahmed, Noor Ahmad, Tripathi, Jamie Overton, Dhoni, Shivam Dube, Shankar",174.8596491,5.947368421
202512,KKR,MI,"Wankhede Stadium, Mumbai",loss,"Russell, Harshit Rana, Narine, Varun Chakaravarthy, Angkrish Raghuvanshi, Spencer Johnson, Manish Pandey, Rinku Singh, Ramandeep Singh, Venkatesh Iyer, Rahane",169.8181818,6.527272727
202513,LSG,PBKS,"Bharat Ratna Shri Atal Bihari Vajpayee Ekana Cricket Stadium, Lucknow",loss,"Ayush Badoni, Pooran, Digvesh Rathi, Thakur, Avesh Khan, M Siddharth, Markram, Miller, Ravi Bishnoi, Abdul Samad, Pant",177.7017544,6.087719298
202514,RCB,GT,"M.Chinnaswamy Stadium, Bengaluru",loss,"Livingstone, Bhuvneshwar, Hazlewood, Krunal Pandya, Jitesh Sharma, Tim David, Rasikh Salam, Yash Dayal, Phil Salt, Rajat Patidar, Kohli",178.4833333,5.983333333
202515,SRH,KKR,"Eden Gardens, Kolkata",loss,"Cummins, Harshal Patel, Shami, Kamindu Mendis, Simarjeet Singh, Klaasen, Zeeshan Ansari, Nitish Reddy, Aniket Verma, Abhishek Sharma, Ishan Kishan",177.8245614,6.263157895
202516,MI,LSG,"Bharat Ratna Shri Atal Bihari Vajpayee Ekana Cricket Stadium, Lucknow",loss,"Suryakumar Yadav, Hardik Pandya, Santner, Tilak Varma, Vignesh Puthur, Naman Dhir, Ashwani Kumar, Boult, Chahar, Will Jacks, Rickelton",177.1864407,6.13559322
202517,CSK,DC,"MA Chidambaram Stadium, Chennai",loss,"Shankar, Dhoni, Pathirana, Khaleel Ahmed, Mukesh Choudhary, Ashwin, Noor Ahmad, Jadeja, Shivam Dube, Conway, Ravindra",174.8596491,5.947368421
202518,PBKS,RR,"Maharaja Yadavindra Singh International Cricket Stadium, Mullanpur, Chandigarh",loss,"Nehal Wadhera, Marco Jansen, Stoinis, Arshdeep Singh, Maxwell, Ferguson, Chahal, Prabhsimran, Shashank Singh, Shreyas Iyer, Suryansh Shedge",176.9491525,6.508474576
202519,SRH,GT,"Rajiv Gandhi International Stadium, Hyderabad",loss,"Nitish Reddy, Cummins, Shami, Zeeshan Ansari, Abhishek Sharma, Klaasen, Ishan Kishan, Aniket Verma, Unadkat, Kamindu Mendis, Simarjeet Singh",177.8245614,6.263157895
202520,MI,RCB,"Wankhede Stadium, Mumbai",loss,"Hardik Pandya, Tilak Varma, Santner, Boult, Suryakumar Yadav, Bumrah, Will Jacks, Chahar, Rickelton, Rohit, Naman Dhir",177.1864407,6.13559322
202521,KKR,LSG,"Eden Gardens, Kolkata",loss,"Narine, Rahane, Harshit Rana, Venkatesh Iyer, Vaibhav Arora, Varun Chakaravarthy, Spencer Johnson, Rinku Singh, Russell, de Kock, Angkrish Raghuvanshi",169.8181818,6.527272727
202522,CSK,PBKS,"Maharaja Yadavindra Singh International Cricket Stadium, Mullanpur, Chandigarh",loss,"Conway, Shivam Dube, Ashwin, Khaleel Ahmed, Pathirana, Jadeja, Ravindra, Noor Ahmad, Dhoni, Mukesh Choudhary, Gaikwad",174.8596491,5.947368421
202523,RR,GT,"Narendra Modi Stadium, Ahmedabad",loss,"Theekshana, Hetmyer, Tushar Deshpande, Sandeep Sharma, Jofra Archer, Samson, Fazalhaq Farooqi, Riyan Parag, Jaiswal, Dhruv Jurel, Nitish Rana",176.8833333,5.9
202524,RCB,DC,"M.Chinnaswamy Stadium, Bengaluru",loss,"Krunal Pandya, Bhuvneshwar, Yash Dayal, Suyash Sharma, Rajat Patidar, Tim David, Hazlewood, Phil Salt, Kohli, Livingstone, Jitesh Sharma",178.4833333,5.983333333
202525,CSK,KKR,"MA Chidambaram Stadium, Chennai",loss,"Shivam Dube, Ashwin, Tripathi, Shankar, Khaleel Ahmed, Noor Ahmad, Anshul Kamboj, Conway, Ravindra, Dhoni, Hooda",174.8596491,5.947368421
202526,GT,LSG,"Bharat Ratna Shri Atal Bihari Vajpayee Ekana Cricket Stadium, Lucknow",loss,"Sai Sudharsan, Shubman Gill, Washington Sundar, Rashid Khan, Prasidh, Siraj, Rutherford, Buttler, Arshad Khan, Sai Kishore, Shahrukh Khan",177.3666667,5.4
202527,PBKS,SRH,"Rajiv Gandhi International Stadium, Hyderabad",loss,"Shreyas Iyer, Maxwell, Arshdeep Singh, Chahal, Prabhsimran, Nehal Wadhera, Yash Thakur, Marco Jansen, Shashank Singh, Stoinis, Priyansh Arya",176.9491525,6.508474576
202528,RR,RCB,"Sawai Mansingh Stadium, Jaipur",loss,"Jaiswal, Riyan Parag, Jofra Archer, Dhruv Jurel, Kartikeya, Samson, Hasaranga, Sandeep Sharma, Theekshana, Tushar Deshpande, Hetmyer",176.8833333,5.9
202529,DC,MI,"Arun Jaitley Stadium, Delhi",loss,"Karun Nair, Vipraj Nigam, Abishek Porel, Kuldeep Yadav, Mukesh Kumar, Mitchell Starc, Mohit Sharma, Axar, Ashutosh Sharma, Rahul, Stubbs",170.4181818,6.672727273
202530,LSG,CSK,"Bharat Ratna Shri Atal Bihari Vajpayee Ekana Cricket Stadium, Lucknow",loss,"Pant, Thakur, Markram, Digvesh Rathi, Mitchell Marsh, Avesh Khan, Ravi Bishnoi, Ayush Badoni, Abdul Samad, Pooran, Akash Deep",177.7017544,6.087719298
202531,KKR,PBKS,"Maharaja Yadavindra Singh International Cricket Stadium, Mullanpur, Chandigarh",loss,"Angkrish Raghuvanshi, Harshit Rana, Varun Chakaravarthy, Narine, Vaibhav Arora, Nortje, Rahane, Russell, Rinku Singh, Venkatesh Iyer, de Kock",169.8181818,6.527272727
202532,DC,RR,"Arun Jaitley Stadium, Delhi",loss,"Abishek Porel, Rahul, Axar, Mitchell Starc, Mohit Sharma, Kuldeep Yadav, Stubbs, Mukesh Kumar, Ashutosh Sharma, Vipraj Nigam, Fraser-McGurk",170.4181818,6.672727273
202533,SRH,MI,"Wankhede Stadium, Mumbai",loss,"Head, Klaasen, Abhishek Sharma, Cummins, Eshan Malinga, Nitish Reddy, Zeeshan Ansari, Harshal Patel, Shami, Aniket Verma, Rahul Chahar",177.8245614,6.263157895
202534,RCB,PBKS,"M.Chinnaswamy Stadium, Bengaluru",loss,"Bhuvneshwar, Tim David, Hazlewood, Rajat Patidar, Suyash Sharma, Yash Dayal, Krunal Pandya, Jitesh Sharma, Livingstone, Bhandage, Phil Salt",178.4833333,5.983333333
202535,DC,GT,"Narendra Modi Stadium, Ahmedabad",loss,"Axar, Mukesh Kumar, Kuldeep Yadav, Vipraj Nigam, Ashutosh Sharma, Mitchell Starc, Stubbs, Karun Nair, Rahul, Mohit Sharma, Abishek Porel",170.4181818,6.672727273
202536,RR,LSG,"Sawai Mansingh Stadium, Jaipur",loss,"Jaiswal, Riyan Parag, Tushar Deshpande, Jofra Archer, Theekshana, Hasaranga, Sandeep Sharma, Vaibhav Suryavanshi, Hetmyer, Nitish Rana, Dhruv Jurel",176.8833333,5.9
202537,PBKS,RCB,"Maharaja Yadavindra Singh International Cricket Stadium, Mullanpur, Chandigarh",loss,"Marco Jansen, Shashank Singh, Chahal, Harpreet Brar, Arshdeep Singh, Bartlett, Prabhsimran, Josh Inglis, Priyansh Arya, Nehal Wadhera, Shreyas Iyer",176.9491525,6.508474576
202539,KKR,GT,"Eden Gardens, Kolkata",loss,"Narine, Rahane, Harshit Rana, Vaibhav Arora, Varun Chakaravarthy, Russell, Moeen Ali, Venkatesh Iyer, Rinku Singh, Angkrish Raghuvanshi, Gurbaz",169.8181818,6.527272727
202540,LSG,DC,"Bharat Ratna Shri Atal Bihari Vajpayee Ekana Cricket Stadium, Lucknow",loss,"Markram, Mitchell Marsh, Digvesh Rathi, Ayush Badoni, Avesh Khan, Ravi Bishnoi, Prince Yadav, Miller, Thakur, Abdul Samad, Pooran",177.7017544,6.087719298
202541,SRH,MI,"Rajiv Gandhi International Stadium, Hyderabad",loss,"Klaasen, Abhinav Manohar, Zeeshan Ansari, Cummins, Eshan Malinga, Harshal Patel, Unadkat, Aniket Verma, Abhishek Sharma, Nitish Reddy, Head",177.8245614,6.263157895
202542,RR,RCB,"M.Chinnaswamy Stadium, Bengaluru",loss,"Dhruv Jurel, Hasaranga, Riyan Parag, Sandeep Sharma, Jofra Archer, Nitish Rana, Fazalhaq Farooqi, Jaiswal, Tushar Deshpande, Vaibhav Suryavanshi, Hetmyer",176.8833333,5.9
202543,CSK,SRH,"MA Chidambaram Stadium, Chennai",loss,"Jadeja, Noor Ahmad, Brevis, Hooda, Pathirana, Anshul Kamboj, Sam Curran, Khaleel Ahmed, Ayush Mhatre, Dhoni, Shivam Dube",174.8596491,5.947368421
202544,KKR,PBKS,"Eden Gardens, Kolkata",loss,"Narine, Vaibhav Arora, Varun Chakaravarthy, Sakariya, Russell, Harshit Rana, Gurbaz",169.8181818,6.527272727
202545,LSG,MI,"Wankhede Stadium, Mumbai",loss,"Ravi Bishnoi, Prince Yadav, Digvesh Rathi, Mayank Yadav, Avesh Khan, Mitchell Marsh, Ayush Badoni, Miller, Pooran, Markram, Abdul Samad",177.7017544,6.087719298
202546,DC,RCB,"Arun Jaitley Stadium, Delhi",loss,"Rahul, Axar, du Plessis, Kuldeep Yadav, Mukesh Kumar, Chameera, Stubbs, Mitchell Starc, Vipraj Nigam, Abishek Porel, Karun Nair",170.4181818,6.672727273
202547,GT,RR,"Sawai Mansingh Stadium, Jaipur",loss,"Shubman Gill, Sai Sudharsan, Buttler, Prasidh, Rashid Khan, Washington Sundar, Ishant, Siraj, Karim Janat, Sai Kishore, Rahul Tewatia",177.3666667,5.4
202548,DC,KKR,"Arun Jaitley Stadium, Delhi",loss,"Axar, du Plessis, Vipraj Nigam, Chameera, Mitchell Starc, Kuldeep Yadav, Karun Nair, Mukesh Kumar, Ashutosh Sharma, Rahul, Stubbs",170.4181818,6.672727273
202549,CSK,PBKS,"MA Chidambaram Stadium, Chennai",loss,"Sam Curran, Jadeja, Brevis, Pathirana, Noor Ahmad, Khaleel Ahmed, Shaik Rasheed, Anshul Kamboj, Ayush Mhatre, Shivam Dube, Dhoni",174.8596491,5.947368421
202550,RR,MI,"Sawai Mansingh Stadium, Jaipur",loss,"Jofra Archer, Theekshana, Akash Madhwal, Fazalhaq Farooqi, Riyan Parag, Kartikeya, Nitish Rana, Dhruv Jurel, Shubham Dubey, Jaiswal, Vaibhav Suryavanshi",176.8833333,5.9
202551,SRH,GT,"Narendra Modi Stadium, Ahmedabad",loss,"Abhishek Sharma, Cummins, Unadkat, Zeeshan Ansari, Head, Harshal Patel, Klaasen, Shami, Ishan Kishan, Kamindu Mendis, Nitish Reddy",177.8245614,6.263157895
202552,CSK,RCB,"M.Chinnaswamy Stadium, Bengaluru",loss,"Jadeja, Ayush Mhatre, Pathirana, Noor Ahmad, Sam Curran, Khaleel Ahmed, Anshul Kamboj, Shaik Rasheed, Dhoni, Shivam Dube, Brevis",174.8596491,5.947368421
202553,KKR,RR,"Eden Gardens, Kolkata",loss,"Narine, Russell, Angkrish Raghuvanshi, Harshit Rana, Gurbaz, Rahane, Vaibhav Arora, Varun Chakaravarthy, Moeen Ali, Rinku Singh",169.8181818,6.527272727
202554,LSG,PBKS,"Himachal Pradesh Cricket Association Stadium, Dharamsala",loss,"Ayush Badoni, Avesh Khan, Abdul Samad, Prince Yadav, Digvesh Rathi, Mayank Yadav, Akash Maharaj Singh, Pant, Markram, Miller, Mitchell Marsh",177.7017544,6.087719298
202556,GT,MI,"Wankhede Stadium, Mumbai",loss,"Shubman Gill, Buttler, Rashid Khan, Sai Kishore, Prasidh, Arshad Khan, Gerald Coetzee, Siraj, Rutherford, Rahul Tewatia, Shahrukh Khan",177.3666667,5.4
202557,KKR,CSK,"Eden Gardens, Kolkata",loss,"Narine, Russell, Rahane, Manish Pandey, Harshit Rana, Varun Chakaravarthy, Vaibhav Arora, Moeen Ali, Gurbaz, Rinku Singh, Ramandeep Singh",169.8181818,6.527272727
202559,RR,PBKS,"Sawai Mansingh Stadium, Jaipur",loss,"Dhruv Jurel, Riyan Parag, Akash Madhwal, Jaiswal, Tushar Deshpande, Kwena Maphaka, Hasaranga, Fazalhaq Farooqi, Samson, Vaibhav Suryavanshi, Hetmyer",176.8833333,5.9
202560,DC,GT,"Arun Jaitley Stadium, Delhi",loss,"Rahul, Axar, Kuldeep Yadav, Vipraj Nigam, Abishek Porel, Mustafizur, T Natarajan, Chameera, du Plessis, Stubbs",170.4181818,6.672727273
202561,LSG,SRH,"Bharat Ratna Shri Atal Bihari Vajpayee Ekana Cricket Stadium, Lucknow",loss,"Markram, Mitchell Marsh, Pooran, Thakur, Digvesh Rathi, Akash Deep, Avesh Khan, William ORourke, Ravi Bishnoi, Abdul Samad, Pant",177.7017544,6.087719298
202562,CSK,RR,"Arun Jaitley Stadium, Delhi",loss,"Shivam Dube, Ashwin, Brevis, Noor Ahmad, Anshul Kamboj, Ayush Mhatre, Dhoni, Khaleel Ahmed, Jadeja, Pathirana, Conway",174.8596491,5.947368421
202563,DC,MI,"Wankhede Stadium, Mumbai",loss,"Sameer Rizvi, Vipraj Nigam, Chameera, Kuldeep Yadav, Mustafizur, Mukesh Kumar, Ashutosh Sharma, Abishek Porel, du Plessis, Rahul, Madhav Tiwari",170.4181818,6.672727273
202564,GT,LSG,"Narendra Modi Stadium, Ahmedabad",loss,"Shahrukh Khan, Rabada, Siraj, Arshad Khan, Prasidh, Rutherford, Shubman Gill, Sai Kishore, Buttler, Rashid Khan, Sai Sudharsan",177.3666667,5.4
202565,RCB,SRH,"Bharat Ratna Shri Atal Bihari Vajpayee Ekana Cricket Stadium, Lucknow",loss,"Phil Salt, Krunal Pandya, Bhuvneshwar, Kohli, Ngidi, Yash Dayal, Suyash Sharma, Jitesh Sharma, Rajat Patidar, Shepherd, Mayank Agarawal",178.4833333,5.983333333
202566,PBKS,DC,"Sawai Mansingh Stadium, Jaipur",loss,"Shreyas Iyer, Stoinis, Marco Jansen, Azmatullah, Harpreet Brar, Arshdeep Singh, Prabhsimran, Nehal Wadhera, Josh Inglis, Praveen Dubey, Priyansh Arya",176.9491525,6.508474576
202567,GT,CSK,"Narendra Modi Stadium, Ahmedabad",loss,"Rashid Khan, Siraj, Sai Sudharsan, Arshad Khan, Prasidh, Gerald Coetzee, Shahrukh Khan, Sai Kishore, Rahul Tewatia, Shubman Gill, Buttler",177.3666667,5.4
202568,KKR,SRH,"Arun Jaitley Stadium, Delhi",loss,"Narine, Harshit Rana, Vaibhav Arora, Nortje, Manish Pandey, Varun Chakaravarthy, Angkrish Raghuvanshi, Russell, de Kock, Rahane, Rinku Singh",169.8181818,6.527272727
202569,MI,PBKS,"Sawai Mansingh Stadium, Jaipur",loss,"Suryakumar Yadav, Hardik Pandya, Santner, Bumrah, Rohit, Boult, Rickelton, Chahar, Will Jacks, Naman Dhir, Ashwani Kumar",177.1864407,6.13559322
202570,LSG,RCB,"Bharat Ratna Shri Atal Bihari Vajpayee Ekana Cricket Stadium, Lucknow",loss,"Pant, Mitchell Marsh, William ORourke, Digvesh Rathi, Akash Maharaj Singh, Avesh Khan, Shahbaz Ahmed, Breetzke, Pooran, Ayush Badoni, Abdul Samad",177.7017544,6.087719298
202571,PBKS,RCB,"Maharaja Yadavindra Singh International Cricket Stadium, Mullanpur, Chandigarh",loss,"Harpreet Brar, Jamieson, Azmatullah, Stoinis, Musheer Khan, Arshdeep Singh, Nehal Wadhera, Prabhsimran, Josh Inglis, Priyansh Arya, Shashank Singh",176.9491525,6.508474576
202572,GT,MI,"Maharaja Yadavindra Singh International Cricket Stadium, Mullanpur, New Chandigarh",loss,"Sai Sudharsan, Washington Sundar, Rashid Khan, Siraj, Prasidh, Sai Kishore, Gerald Coetzee, Rutherford, Rahul Tewatia, Kusal Mendis, Shahrukh Khan",177.3666667,5.4
202573,MI,PBKS,"Narendra Modi Stadium, Ahmedabad",loss,"Tilak Varma, Ashwani Kumar, Bairstow, Suryakumar Yadav, Boult, Hardik Pandya, Bumrah, Naman Dhir, Topley, Santner, Rohit",177.1864407,6.13559322
202574,PBKS,RCB,"Narendra Modi Stadium, Ahmedabad",loss,"Shashank Singh, Jamieson, Azmatullah, Arshdeep Singh, Vijaykumar Vyshak, Chahal, Josh Inglis, Prabhsimran, Nehal Wadhera, Priyansh Arya, Shreyas Iyer",176.9491525,6.508474576
202449,PBKS,CSK,"MA Chidambaram Stadium, Chennai",lost,"Sam Curran, Bairstow, Arshdeep Singh, Shashank Singh, Harpreet Brar, Rabada, Rossouw, Rahul Chahar, Prabhsimran, Harshal Patel",176.9491525,6.508474576
202201,KKR,CSK,"Wankhede Stadium, Mumbai",win,"Rahane, Umesh Yadav, Shivam Mavi, Chakaravarthy, Narine, Russell, Billings, Shreyas Iyer, Nitish Rana, Venkatesh Iyer, Jackson",169.8181818,6.527272727
202202,DC,MI,"Brabourne Stadium, Mumbai",win,"Lalit Yadav, Axar, Thakur, Khaleel Ahmed, Kuldeep Yadav, Prithvi Shaw, Seifert, K Nagarkoti, Pant, Mandeep, Powell",170.4181818,6.672727273
202203,PBKS,RCB,"Dr DY Patil Sports Academy, Mumbai",win,"Odean Smith, Dhawan, Arshdeep Singh, Mayank, Shahrukh Khan, Rahul Chahar, Sandeep Sharma, Rajapaksa, Harpreet Brar, Livingstone, Raj Bawa",176.9491525,6.508474576
202204,GT,LSG,"Wankhede Stadium, Mumbai",win,"Hardik Pandya, Wade, Aaron, Ferguson, Rahul Tewatia, Rashid Khan, Shami, Miller, Abhinav Manohar, Shankar, Shubman Gill",177.3666667,5.4
202205,RR,SRH,"Maharashtra Cricket Association Stadium, Pune",win,"Padikkal, Samson, Buttler, Boult, Ashwin, Chahal, Prasidh, Coulter-Nile, Jaiswal, Hetmyer, Riyan Parag",176.8833333,5.9
202206,RCB,KKR,"Dr DY Patil Sports Academy, Mumbai",win,"Willey, Rutherford, Harshal Patel, Shahbaz Ahmed, Hasaranga, Akash Deep, Siraj, Karthik, Kohli, du Plessis, Anuj Rawat",178.4833333,5.983333333
202207,LSG,CSK,"Brabourne Stadium, Mumbai",win,"de Kock, Rahul, Chameera, Lewis, Tye, Avesh Khan, Ravi Bishnoi, Krunal Pandya, Ayush Badoni, Hooda, Manish Pandey",177.7017544,6.087719298
202208,KKR,PBKS,"Wankhede Stadium, Mumbai",win,"Russell, Chakaravarthy, Narine, Southee, Umesh Yadav, Billings, Shreyas Iyer, Shivam Mavi, Rahane, Venkatesh Iyer, Nitish Rana",169.8181818,6.527272727
202209,RR,MI,"Dr DY Patil Sports Academy, Mumbai",win,"Buttler, Prasidh, Boult, Ashwin, Chahal, Navdeep Saini, Samson, Hetmyer, Riyan Parag, Padikkal, Jaiswal",176.8833333,5.9
202210,GT,DC,"Maharashtra Cricket Association Stadium, Pune",win,"Hardik Pandya, Shubman Gill, Shankar, Rashid Khan, Ferguson, Shami, Rahul Tewatia, Miller, Aaron, Abhinav Manohar, Wade",177.3666667,5.4
202211,PBKS,CSK,"Brabourne Stadium, Mumbai",win,"Livingstone, Rabada, Rahul Chahar, Dhawan, Vaibhav Arora, Odean Smith, Jitesh Sharma, Arshdeep Singh, Shahrukh Khan, Rajapaksa, Mayank",176.9491525,6.508474576
202212,LSG,SRH,"Dr DY Patil Sports Academy, Mumbai",win,"Rahul, Hooda, Holder, Krunal Pandya, Ravi Bishnoi, Avesh Khan, Tye, Ayush Badoni, Manish Pandey, Lewis, de Kock",177.7017544,6.087719298
202213,RCB,RR,"Wankhede Stadium, Mumbai",win,"Harshal Patel, Shahbaz Ahmed, Anuj Rawat, Siraj, Willey, Akash Deep, Hasaranga, Karthik, du Plessis, Rutherford, Kohli",178.4833333,5.983333333
202214,KKR,MI,"Maharashtra Cricket Association Stadium, Pune",win,"Venkatesh Iyer, Cummins, Chakaravarthy, Narine, Umesh Yadav, Rasikh Salam, Billings, Rahane, Russell, Nitish Rana, Shreyas Iyer",169.8181818,6.527272727
202215,LSG,DC,"Dr DY Patil Sports Academy, Mumbai",win,"de Kock, Holder, Krunal Pandya, Rahul, Gowtham, Ravi Bishnoi, Tye, Avesh Khan, Hooda, Lewis, Ayush Badoni",177.7017544,6.087719298
202216,GT,PBKS,"Brabourne Stadium, Mumbai",win,"Shubman Gill, Hardik Pandya, Sai Sudharsan, Ferguson, Rashid Khan, Shami, Darshan Nalkande, Rahul Tewatia, Wade, Miller",177.3666667,5.4
202217,SRH,CSK,"Dr DY Patil Sports Academy, Mumbai",win,"Abhishek Sharma, Williamson, Bhuvneshwar, T Natarajan, Marco Jansen, Washington Sundar, Umran Malik, Tripathi, Markram, Pooran",177.8245614,6.263157895
202218,RCB,MI,"Maharashtra Cricket Association Stadium, Pune",win,"Anuj Rawat, Kohli, Siraj, du Plessis, Akash Deep, Harshal Patel, Hasaranga, Shahbaz Ahmed, Willey, Karthik, Maxwell",178.4833333,5.983333333
202219,DC,KKR,"Brabourne Stadium, Mumbai",win,"Warner, Axar, Prithvi Shaw, Thakur, Kuldeep Yadav, Khaleel Ahmed, Mustafizur, Pant, Powell, Lalit Yadav",170.4181818,6.672727273
202220,RR,LSG,"Wankhede Stadium, Mumbai",win,"Ashwin, Hetmyer, Padikkal, Chahal, Boult, Prasidh, Kuldeep Sen, Buttler, Samson, Riyan Parag, van der Dussen",176.8833333,5.9
202221,SRH,GT,"Dr DY Patil Sports Academy, Mumbai",win,"Williamson, Abhishek Sharma, Bhuvneshwar, Marco Jansen, T Natarajan, Umran Malik, Pooran, Washington Sundar, Markram, Tripathi",177.8245614,6.263157895
202222,CSK,RCB,"Dr DY Patil Sports Academy, Mumbai",win,"Uthappa, Shivam Dube, Dwayne Bravo, Moeen Ali, Jadeja, M Theekshana, Mukesh Choudhary, Gaikwad, Jordan",174.8596491,5.947368421
202223,PBKS,MI,"Maharashtra Cricket Association Stadium, Pune",win,"Dhawan, Mayank, Vaibhav Arora, Arshdeep Singh, Rabada, Rahul Chahar, Odean Smith, Jitesh Sharma, Bairstow, Livingstone, Shahrukh Khan",176.9491525,6.508474576
202224,GT,RR,"Dr DY Patil Sports Academy, Mumbai",win,"Hardik Pandya, Abhinav Manohar, Ferguson, Rashid Khan, Shami, Yash Dayal, Miller, Shubman Gill, Shankar, Rahul Tewatia, Wade",177.3666667,5.4
202225,SRH,KKR,"Brabourne Stadium, Mumbai",win,"Tripathi, Markram, Bhuvneshwar, Marco Jansen, T Natarajan, Umran Malik, J Suchith, Williamson, Abhishek Sharma, Pooran, Shashank Singh",177.8245614,6.263157895
202226,LSG,MI,"Brabourne Stadium, Mumbai",win,"Rahul, Manish Pandey, Holder, Avesh Khan, Chameera, Ravi Bishnoi, Stoinis, Krunal Pandya, de Kock, Hooda",177.7017544,6.087719298
202227,RCB,DC,"Wankhede Stadium, Mumbai",win,"Maxwell, Shahbaz Ahmed, Karthik, Harshal Patel, Hazlewood, Hasaranga, Siraj, Kohli, du Plessis, Prabhudessai, Anuj Rawat",178.4833333,5.983333333
202228,SRH,PBKS,"Dr DY Patil Sports Academy, Mumbai",win,"Pooran, T Natarajan, Markram, Abhishek Sharma, J Suchith, Marco Jansen, Bhuvneshwar, Umran Malik, Tripathi, Williamson",177.8245614,6.263157895
202229,GT,CSK,"Maharashtra Cricket Association Stadium, Pune",win,"Miller, Rashid Khan, Alzarri Joseph, Shami, Yash Dayal, Ferguson, W Saha, Rahul Tewatia, Abhinav Manohar, Shankar, Shubman Gill",177.3666667,5.4
202230,RR,KKR,"Brabourne Stadium, Mumbai",win,"Buttler, Prasidh, Chahal, Ashwin, Obed McCoy, Boult, Samson, Padikkal, Hetmyer, Karun Nair, Riyan Parag",176.8833333,5.9
202231,RCB,LSG,"Dr DY Patil Sports Academy, Mumbai",win,"du Plessis, Shahbaz Ahmed, Harshal Patel, Hazlewood, Siraj, Maxwell, Hasaranga, Prabhudessai, Karthik, Anuj Rawat, Kohli",178.4833333,5.983333333
202232,DC,PBKS,"Brabourne Stadium, Mumbai",win,"Warner, Khaleel Ahmed, Axar, Kuldeep Yadav, Mustafizur, Prithvi Shaw, Sarfaraz Khan, Lalit Yadav, Thakur",170.4181818,6.672727273
202233,CSK,MI,"Dr DY Patil Sports Academy, Mumbai",win,"Rayudu, Jadeja, Santner, Dwayne Bravo, Pretorius, Uthappa, M Theekshana, Mukesh Choudhary, Dhoni, Shivam Dube, Gaikwad",174.8596491,5.947368421
202234,RR,DC,"Wankhede Stadium, Mumbai",win,"Buttler, Padikkal, Ashwin, Boult, Chahal, Prasidh, Samson, Obed McCoy, Riyan Parag, Hetmyer",176.8833333,5.9
202235,GT,KKR,"Dr DY Patil Sports Academy, Mumbai",win,"Hardik Pandya, Yash Dayal, Alzarri Joseph, Ferguson, Rashid Khan, W Saha, Shami, Miller, Rahul Tewatia, Abhinav Manohar, Shubman Gill",177.3666667,5.4
202236,SRH,RCB,"Brabourne Stadium, Mumbai",win,"Abhishek Sharma, Marco Jansen, Umran Malik, J Suchith, T Natarajan, Williamson, Bhuvneshwar, Tripathi",177.8245614,6.263157895
202237,LSG,MI,"Wankhede Stadium, Mumbai",win,"Rahul, Holder, Krunal Pandya, Chameera, Mohsin Khan, Manish Pandey, Ravi Bishnoi, Ayush Badoni, Hooda, de Kock, Stoinis",177.7017544,6.087719298
202238,PBKS,CSK,"Wankhede Stadium, Mumbai",win,"Dhawan, Rajapaksa, Rishi Dhawan, Sandeep Sharma, Arshdeep Singh, Rabada, Mayank, Rahul Chahar, Livingstone, Bairstow",176.9491525,6.508474576
202239,RR,RCB,"Maharashtra Cricket Association Stadium, Pune",win,"Ashwin, Daryl Mitchell, Prasidh, Riyan Parag, Boult, Chahal, Samson, Kuldeep Sen, Buttler, Padikkal, Hetmyer",176.8833333,5.9
202240,GT,SRH,"Wankhede Stadium, Mumbai",win,"W Saha, Rashid Khan, Ferguson, Shami, Alzarri Joseph, Shubman Gill, Yash Dayal, Rahul Tewatia, Miller, Hardik Pandya, Abhinav Manohar",177.3666667,5.4
202241,DC,KKR,"Wankhede Stadium, Mumbai",win,"Lalit Yadav, Axar, Thakur, Warner, Mustafizur, Chetan Sakariya, Kuldeep Yadav, Powell, Mitchell Marsh, Pant, Prithvi Shaw",170.4181818,6.672727273
202242,LSG,PBKS,"Maharashtra Cricket Association Stadium, Pune",win,"de Kock, Chameera, Krunal Pandya, Mohsin Khan, Hooda, Ravi Bishnoi, Avesh Khan, Holder, Rahul, Ayush Badoni, Stoinis",177.7017544,6.087719298
202243,GT,RCB,"Brabourne Stadium, Mumbai",win,"Shubman Gill, Miller, Alzarri Joseph, Rahul Tewatia, Shami, Ferguson, Rashid Khan, Sangwan, W Saha, Sai Sudharsan, Hardik Pandya",177.3666667,5.4
202244,MI,RR,"Dr DY Patil Sports Academy, Mumbai",win,"Suryakumar Yadav, Tilak Varma, Meredith, Daniel Sams, Bumrah, Kumar Kartikeya, Pollard, Ishan Kishan, Hrithik Shokeen, Tim David, Rohit",177.1864407,6.13559322
202245,LSG,DC,"Wankhede Stadium, Mumbai",win,"Rahul, Hooda, Holder, Mohsin Khan, Stoinis, Chameera, Ravi Bishnoi, Krunal Pandya, de Kock, Gowtham",177.7017544,6.087719298
202246,CSK,SRH,"Maharashtra Cricket Association Stadium, Pune",win,"Gaikwad, Conway, Mukesh Choudhary, Pretorius, M Theekshana, Jadeja, Santner, Simarjeet Singh, Dhoni",174.8596491,5.947368421
202247,KKR,RR,"Wankhede Stadium, Mumbai",win,"Nitish Rana, Shreyas Iyer, Southee, Rinku Singh, Shivam Mavi, Umesh Yadav, Anukul Roy, Narine, Indrajith, Finch",169.8181818,6.527272727
202248,PBKS,GT,"Dr DY Patil Sports Academy, Mumbai",win,"Dhawan, Rajapaksa, Rabada, Rishi Dhawan, Arshdeep Singh, Livingstone, Sandeep Sharma, Rahul Chahar, Bairstow",176.9491525,6.508474576
202249,RCB,CSK,"Maharashtra Cricket Association Stadium, Pune",win,"Kohli, Lomror, Maxwell, Harshal Patel, Hazlewood, du Plessis, Shahbaz Ahmed, Hasaranga, Karthik, Rajat Patidar, Siraj",178.4833333,5.983333333
202250,DC,SRH,"Brabourne Stadium, Mumbai",win,"Warner, Powell, Mitchell Marsh, Nortje, Thakur, Khaleel Ahmed, Kuldeep Yadav, Pant, Mandeep",170.4181818,6.672727273
202251,MI,GT,"Brabourne Stadium, Mumbai",win,"Ishan Kishan, Rohit, Pollard, Meredith, Bumrah, Murugan Ashwin, Tim David, Daniel Sams, Kumar Kartikeya, Tilak Varma, Suryakumar Yadav",177.1864407,6.13559322
202252,RR,PBKS,"Wankhede Stadium, Mumbai",win,"Jaiswal, Padikkal, Chahal, Prasidh, Kuldeep Sen, Ashwin, Boult, Hetmyer, Buttler, Samson, Riyan Parag",176.8833333,5.9
202253,LSG,KKR,"Maharashtra Cricket Association Stadium, Pune",win,"de Kock, Hooda, Krunal Pandya, Avesh Khan, Ayush Badoni, Chameera, Holder, Mohsin Khan, Ravi Bishnoi, Stoinis",177.7017544,6.087719298
202254,RCB,SRH,"Wankhede Stadium, Mumbai",win,"du Plessis, Rajat Patidar, Maxwell, Hasaranga, Hazlewood, Harshal Patel, Siraj, Shahbaz Ahmed, Karthik, Lomror, Kohli",178.4833333,5.983333333
202255,CSK,DC,"Dr DY Patil Sports Academy, Mumbai",win,"Conway, Gaikwad, Moeen Ali, Simarjeet Singh, M Theekshana, Shivam Dube, Dwayne Bravo, Mukesh Choudhary, Dhoni, Rayudu, Uthappa",174.8596491,5.947368421
202256,KKR,MI,"Dr DY Patil Sports Academy, Mumbai",win,"Venkatesh Iyer, Nitish Rana, Cummins, Narine, Rahane, Southee, Rinku Singh, Russell, Chakaravarthy, Shreyas Iyer, Jackson",169.8181818,6.527272727
202257,GT,LSG,"Maharashtra Cricket Association Stadium, Pune",win,"Shubman Gill, Miller, Rashid Khan, Hardik Pandya, Rahul Tewatia, Shami, Alzarri Joseph, Sai Kishore, Yash Dayal, W Saha, Wade",177.3666667,5.4
202258,DC,RR,"Dr DY Patil Sports Academy, Mumbai",win,"Mitchell Marsh, Warner, Chetan Sakariya, Nortje, Thakur, Kuldeep Yadav, Axar, Pant, Srikar Bharat",170.4181818,6.672727273
202259,MI,CSK,"Wankhede Stadium, Mumbai",win,"Daniel Sams, Hrithik Shokeen, Tilak Varma, Meredith, Bumrah, Kumar Kartikeya, Rohit, Tim David, Ramandeep Singh, Ishan Kishan, Tristan Stubbs",177.1864407,6.13559322
202260,PBKS,RCB,"Brabourne Stadium, Mumbai",win,"Livingstone, Harpreet Brar, Bairstow, Rahul Chahar, Rabada, Rishi Dhawan, Arshdeep Singh, Mayank, Dhawan, Jitesh Sharma, Rajapaksa",176.9491525,6.508474576
202261,KKR,SRH,"Maharashtra Cricket Association Stadium, Pune",win,"Russell, Billings, Narine, Chakaravarthy, Rahane, Southee, Umesh Yadav, Nitish Rana, Shreyas Iyer, Rinku Singh, Venkatesh Iyer",169.8181818,6.527272727
202262,GT,CSK,"Wankhede Stadium, Mumbai",win,"W Saha, Sai Kishore, Rashid Khan, Shami, Miller, Yash Dayal, Hardik Pandya, Alzarri Joseph, Shubman Gill, Wade",177.3666667,5.4
202263,RR,LSG,"Brabourne Stadium, Mumbai",win,"Ashwin, Boult, Jaiswal, Obed McCoy, Prasidh, Chahal, Samson, Padikkal, Riyan Parag, Neesham, Buttler",176.8833333,5.9
202264,DC,PBKS,"Dr DY Patil Sports Academy, Mumbai",win,"Mitchell Marsh, Axar, Thakur, Lalit Yadav, Nortje, Khaleel Ahmed, Kuldeep Yadav, Sarfaraz Khan, Powell, Pant, Warner",170.4181818,6.672727273
202265,SRH,MI,"Wankhede Stadium, Mumbai",win,"Tripathi, Washington Sundar, Fazalhaq Farooqi, Priyam Garg, T Natarajan, Bhuvneshwar, Umran Malik, Pooran, Abhishek Sharma, Williamson, Markram",177.8245614,6.263157895
202266,LSG,KKR,"Dr DY Patil Sports Academy, Mumbai",win,"de Kock, Rahul, Avesh Khan, Holder, Mohsin Khan, Ravi Bishnoi, Gowtham, Stoinis",177.7017544,6.087719298
202267,RCB,GT,"Wankhede Stadium, Mumbai",win,"Kohli, Maxwell, du Plessis, Hasaranga, Hazlewood, S Kaul, Shahbaz Ahmed, Harshal Patel, Lomror, Karthik",178.4833333,5.983333333
202268,RR,CSK,"Brabourne Stadium, Mumbai",win,"Ashwin, Jaiswal, Obed McCoy, Chahal, Boult, Prasidh, Samson, Riyan Parag, Padikkal, Hetmyer, Buttler",176.8833333,5.9
202269,MI,DC,"Wankhede Stadium, Mumbai",win,"Ishan Kishan, Brevis, Daniel Sams, Hrithik Shokeen, Bumrah, Markande, Ramandeep Singh, Tilak Varma, Rohit, Meredith, Tim David",177.1864407,6.13559322
202270,PBKS,SRH,"Wankhede Stadium, Mumbai",win,"Livingstone, Dhawan, Rabada, Nathan Ellis, Arshdeep Singh, Harpreet Brar, Bairstow, Shahrukh Khan, Jitesh Sharma, Mayank, Prerak Mankad",176.9491525,6.508474576
202271,GT,RR,"Eden Gardens, Kolkata",win,"Hardik Pandya, Miller, Wade, Yash Dayal, Shami, Sai Kishore, Rashid Khan, Shubman Gill, Alzarri Joseph, W Saha",177.3666667,5.4
202272,RCB,LSG,"Eden Gardens, Kolkata",win,"Rajat Patidar, Harshal Patel, Hazlewood, Kohli, Shahbaz Ahmed, Siraj, Karthik, Hasaranga, Maxwell, Lomror, du Plessis",178.4833333,5.983333333
202273,RR,RCB,"Narendra Modi Stadium, Ahmedabad",win,"Buttler, Chahal, Ashwin, Obed McCoy, Prasidh, Boult, Samson, Jaiswal, Padikkal, Hetmyer",176.8833333,5.9
202274,GT,RR,"Narendra Modi Stadium, Ahmedabad",win,"Hardik Pandya, Shubman Gill, Rashid Khan, Shami, Miller, Ferguson, Yash Dayal, Sai Kishore, Wade, W Saha",177.3666667,5.4
202301,GT,CSK,"Narendra Modi Stadium, Ahmedabad",win,"Shubman Gill, Hardik Pandya, Rashid Khan, Shami, Alzarri Joseph, Joshua Little, Shankar, Saha, Sai Sudharsan, Rahul Tewatia, Yash Dayal",177.3666667,5.4
202302,PBKS,KKR,"Punjab Cricket Association IS Bindra Stadium, Mohali",win,"Sam Curran, Rajapaksa, Raza, Dhawan, Nathan Ellis, Arshdeep Singh, Prabhsimran, Rahul Chahar, Jitesh Sharma, Shahrukh Khan, Harpreet Brar",176.9491525,6.508474576
202303,LSG,DC,"Bharat Ratna Shri Atal Bihari Vajpayee Ekana Cricket Stadium, Lucknow",win,"Mayers, Gowtham, Mark Wood, Avesh Khan, Ravi Bishnoi, Pooran, Unadkat, Hooda, Krunal Pandya, Rahul, Stoinis",177.7017544,6.087719298
202304,RR,SRH,"Rajiv Gandhi International Stadium, Hyderabad",win,"Jaiswal, Samson, Ashwin, Boult, Chahal, Buttler, KM Asif, Holder, Hetmyer, Navdeep Saini, Riyan Parag",176.8833333,5.9
202305,RCB,MI,"M.Chinnaswamy Stadium, Bengaluru",win,"Kohli, du Plessis, Siraj, Harshal Patel, Karn Sharma, Akash Deep, M Bracewell, Topley, Maxwell, Karthik",178.4833333,5.983333333
202306,CSK,LSG,"MA Chidambaram Stadium, Chennai",win,"Moeen Ali, Gaikwad, Tushar Deshpande, Conway, Chahar, Santner, Shivam Dube, RS Hangargekar, Stokes, Rayudu, Jadeja",174.8596491,5.947368421
202307,GT,DC,"Arun Jaitley Stadium, Delhi",win,"Sai Sudharsan, Shami, Alzarri Joseph, Joshua Little, Rashid Khan, Shankar, Hardik Pandya, Miller, Shubman Gill, Saha, Yash Dayal",177.3666667,5.4
202308,PBKS,RR,"Barsapara Cricket Stadium, Guwahati",win,"Dhawan, Prabhsimran, Arshdeep Singh, Sam Curran, Nathan Ellis, Rahul Chahar, Jitesh Sharma, Raza, Harpreet Brar, Shahrukh Khan, Rajapaksa",176.9491525,6.508474576
202309,KKR,RCB,"Eden Gardens, Kolkata",win,"Gurbaz, Thakur, Rinku Singh, Narine, Suyash Sharma, Chakaravarthy, Umesh Yadav, Southee, Venkatesh Iyer, Nitish Rana, Mandeep",169.8181818,6.527272727
202310,LSG,SRH,"Bharat Ratna Shri Atal Bihari Vajpayee Ekana Cricket Stadium, Lucknow",win,"Krunal Pandya, Rahul, Ravi Bishnoi, Mishra, Mayers, Unadkat, Yash Thakur, Hooda, Stoinis, Pooran, Shepherd",177.7017544,6.087719298
202311,RR,DC,"Barsapara Cricket Stadium, Guwahati",win,"Buttler, Jaiswal, Ashwin, Chahal, Sandeep Sharma, Boult, Hetmyer, Holder, Riyan Parag, Murugan Ashwin, Samson",176.8833333,5.9
202312,CSK,MI,"Wankhede Stadium, Mumbai",win,"Gaikwad, Pretorius, Rahane, Shivam Dube, Jadeja, Magala, Santner, Tushar Deshpande, Rayudu, Chahar, Conway",174.8596491,5.947368421
202313,KKR,GT,"Narendra Modi Stadium, Ahmedabad",win,"Venkatesh Iyer, Nitish Rana, Ferguson, Narine, Suyash Sharma, Umesh Yadav, Rinku Singh, Thakur, Chakaravarthy, Gurbaz, N Jagadeesan",169.8181818,6.527272727
202314,SRH,PBKS,"Rajiv Gandhi International Stadium, Hyderabad",win,"Tripathi, Bhuvneshwar, Umran Malik, Markande, T Natarajan, Markram, Mayank, Marco Jansen, Harry Brook, Washington Sundar",177.8245614,6.263157895
202315,LSG,RCB,"M.Chinnaswamy Stadium, Bengaluru",win,"Stoinis, Ayush Badoni, Mark Wood, Ravi Bishnoi, Krunal Pandya, Avesh Khan, Pooran, Rahul, Unadkat, Mishra, Hooda",177.7017544,6.087719298
202316,MI,DC,"Arun Jaitley Stadium, Delhi",win,"Rohit, Tilak Varma, Green, Ishan Kishan, Hrithik Shokeen, Chawla, Meredith, Behrendorff, Tim David, Arshad Khan, Suryakumar Yadav",177.1864407,6.13559322
202317,RR,CSK,"MA Chidambaram Stadium, Chennai",win,"Ashwin, Buttler, Padikkal, Zampa, Chahal, Holder, Sandeep Sharma, Hetmyer, Kuldeep Sen, Jaiswal, Dhruv Jurel",176.8833333,5.9
202318,GT,PBKS,"Punjab Cricket Association IS Bindra Stadium, Mohali",win,"Shubman Gill, Alzarri Joseph, Joshua Little, Shami, Mohit Sharma, Rashid Khan, Sai Sudharsan, Saha, Miller, Hardik Pandya, Rahul Tewatia",177.3666667,5.4
202319,SRH,KKR,"Eden Gardens, Kolkata",win,"Harry Brook, Marco Jansen, Markram, Bhuvneshwar, T Natarajan, Markande, Abhishek Sharma, Mayank, Umran Malik, Washington Sundar, Klaasen",177.8245614,6.263157895
202320,RCB,DC,"M.Chinnaswamy Stadium, Bengaluru",win,"Kohli, Harshal Patel, Parnell, Siraj, Vijaykumar Vyshak, Anuj Rawat, Shahbaz Ahmed, Hasaranga, Lomror, du Plessis, Maxwell",178.4833333,5.983333333
202321,PBKS,LSG,"Bharat Ratna Shri Atal Bihari Vajpayee Ekana Cricket Stadium, Lucknow",win,"Raza, Short, Sam Curran, Rabada, Harpreet Singh, Arshdeep Singh, Rahul Chahar, Harpreet Brar, Shahrukh Khan, Jitesh Sharma, Prabhsimran",176.9491525,6.508474576
202322,MI,KKR,"Wankhede Stadium, Mumbai",win,"Jansen, Hrithik Shokeen, Ishan Kishan, Suryakumar Yadav, Tilak Varma, Chawla, Meredith, Green, Rohit, Tim David, Arjun Tendulkar",177.1864407,6.13559322
202323,RR,GT,"Narendra Modi Stadium, Ahmedabad",win,"Samson, Ashwin, Boult, Hetmyer, Chahal, Padikkal, Sandeep Sharma, Zampa, Dhruv Jurel, Jaiswal, Riyan Parag",176.8833333,5.9
202324,CSK,RCB,"M.Chinnaswamy Stadium, Bengaluru",win,"Conway, Jadeja, Shivam Dube, Tushar Deshpande, Pathirana, Theekshana, Rahane, Akash Singh, Moeen Ali, Gaikwad, Rayudu",174.8596491,5.947368421
202325,MI,SRH,"Rajiv Gandhi International Stadium, Hyderabad",win,"Green, Ishan Kishan, Meredith, Behrendorff, Chawla, Arjun Tendulkar, Rohit, Tilak Varma, Tim David, Hrithik Shokeen, Suryakumar Yadav",177.1864407,6.13559322
202326,LSG,RR,"Sawai Mansingh Stadium, Jaipur",win,"Mayers, Stoinis, Rahul, Naveen-ul-Haq, Ravi Bishnoi, Avesh Khan, Pooran, Yudhvir Singh, Mishra, Ayush Badoni, Hooda",177.7017544,6.087719298
202327,RCB,PBKS,"Punjab Cricket Association IS Bindra Stadium, Mohali",win,"du Plessis, Kohli, Hasaranga, Siraj, Harshal Patel, Vijaykumar Vyshak, Parnell, Lomror, Maxwell, Karthik, Shahbaz Ahmed",178.4833333,5.983333333
202328,DC,KKR,"Arun Jaitley Stadium, Delhi",win,"Axar, Warner, Mukesh Kumar, Nortje, Ishant, Manish Pandey, Mitchell Marsh, Kuldeep Yadav, Prithvi Shaw, Lalit Yadav, Philip Salt",170.4181818,6.672727273
202329,CSK,SRH,"MA Chidambaram Stadium, Chennai",win,"Conway, Gaikwad, Pathirana, Jadeja, Theekshana, Tushar Deshpande, Akash Singh, Moeen Ali, Rahane, Rayudu",174.8596491,5.947368421
202330,GT,LSG,"Bharat Ratna Shri Atal Bihari Vajpayee Ekana Cricket Stadium, Lucknow",win,"Hardik Pandya, Saha, Jayant Yadav, Noor Ahmad, Rashid Khan, Mohit Sharma, Shami, Miller, Shankar, Rahul Tewatia, Abhinav Manohar",177.3666667,5.4
202331,PBKS,MI,"Wankhede Stadium, Mumbai",win,"Sam Curran, Harpreet Singh, Livingstone, Arshdeep Singh, Nathan Ellis, Rahul Chahar, Atharva Taide, Prabhsimran, Short, Harpreet Brar, Jitesh Sharma",176.9491525,6.508474576
202332,RCB,RR,"M.Chinnaswamy Stadium, Bengaluru",win,"Maxwell, du Plessis, Hasaranga, Siraj, Willey, Harshal Patel, Vijaykumar Vyshak, Karthik, Lomror, Shahbaz Ahmed, Prabhudessai",178.4833333,5.983333333
202333,CSK,KKR,"Eden Gardens, Kolkata",win,"Conway, Rahane, Tushar Deshpande, Pathirana, Jadeja, Akash Singh, Theekshana, Shivam Dube, Gaikwad, Moeen Ali, Dhoni",174.8596491,5.947368421
202334,DC,SRH,"Rajiv Gandhi International Stadium, Hyderabad",win,"Axar, Manish Pandey, Mitchell Marsh, Kuldeep Yadav, Nortje, Warner, Ishant, Mukesh Kumar, Sarfaraz Khan, Ripal Patel, Aman Hakim Khan",170.4181818,6.672727273
202335,GT,MI,"Narendra Modi Stadium, Ahmedabad",win,"Shubman Gill, Hardik Pandya, Rashid Khan, Shami, Mohit Sharma, Noor Ahmad, Miller, Abhinav Manohar, Shankar, Joshua Little, Saha",177.3666667,5.4
202336,KKR,RCB,"M.Chinnaswamy Stadium, Bengaluru",win,"N Jagadeesan, Roy, Venkatesh Iyer, Nitish Rana, Russell, Suyash Sharma, Chakaravarthy, Narine, Vaibhav Arora, Rinku Singh, Umesh Yadav",169.8181818,6.527272727
202337,RR,CSK,"Sawai Mansingh Stadium, Jaipur",win,"Jaiswal, Ashwin, Holder, Sandeep Sharma, Buttler, Kuldip Yadav, Samson, Zampa, Dhruv Jurel, Padikkal, Chahal",176.8833333,5.9
202338,LSG,PBKS,"Punjab Cricket Association IS Bindra Stadium, Mohali",win,"Stoinis, Mayers, Ayush Badoni, Naveen-ul-Haq, Ravi Bishnoi, Yash Thakur, Pooran, Avesh Khan, Mishra, Krunal Pandya, Rahul",177.7017544,6.087719298
202339,GT,KKR,"Eden Gardens, Kolkata",win,"Hardik Pandya, Shubman Gill, Shankar, Noor Ahmad, Rashid Khan, Joshua Little, Shami, Miller, Saha, Mohit Sharma",177.3666667,5.4
202340,SRH,DC,"Arun Jaitley Stadium, Delhi",win,"Abhishek Sharma, Akeal Hosein, Klaasen, Bhuvneshwar, Markande, T Natarajan, Abdul Samad, Markram, Mayank, Tripathi, Umran Malik",177.8245614,6.263157895
202341,PBKS,CSK,"MA Chidambaram Stadium, Chennai",win,"Sam Curran, Livingstone, Arshdeep Singh, Raza, Rabada, Prabhsimran, Rahul Chahar, Atharva Taide, Dhawan, Jitesh Sharma, Shahrukh Khan",176.9491525,6.508474576
202342,MI,RR,"Wankhede Stadium, Mumbai",win,"Green, Suryakumar Yadav, Jofra Archer, Meredith, Chawla, Ishan Kishan, Tilak Varma, Arshad Khan, Tim David, Kartikeya, Rohit",177.1864407,6.13559322
202343,RCB,LSG,"Bharat Ratna Shri Atal Bihari Vajpayee Ekana Cricket Stadium, Lucknow",win,"du Plessis, Kohli, Hasaranga, Karn Sharma, Harshal Patel, Siraj, Hazlewood, Anuj Rawat, Karthik, Maxwell, Lomror",178.4833333,5.983333333
202344,DC,GT,"Narendra Modi Stadium, Ahmedabad",win,"Axar, Aman Hakim Khan, Nortje, Ishant, Kuldeep Yadav, Khaleel Ahmed, Priyam Garg, Ripal Patel, Rossouw, Manish Pandey, Warner",170.4181818,6.672727273
202346,MI,PBKS,"Punjab Cricket Association IS Bindra Stadium, Mohali",win,"Ishan Kishan, Suryakumar Yadav, Green, Jofra Archer, Arshad Khan, Chawla, Kartikeya, Akash Madhwal, Tilak Varma, Tim David, Rohit",177.1864407,6.13559322
202347,KKR,SRH,"Rajiv Gandhi International Stadium, Hyderabad",win,"Rinku Singh, Nitish Rana, Harshit Rana, Anukul Roy, Thakur, Chakaravarthy, Russell, Vaibhav Arora, Roy, Narine, Venkatesh Iyer",169.8181818,6.527272727
202348,GT,RR,"Sawai Mansingh Stadium, Jaipur",win,"Shubman Gill, Saha, Hardik Pandya, Rashid Khan, Shami, Joshua Little, Noor Ahmad, Mohit Sharma",177.3666667,5.4
202349,CSK,MI,"MA Chidambaram Stadium, Chennai",win,"Conway, Jadeja, Tushar Deshpande, Pathirana, Theekshana, Chahar, Shivam Dube, Gaikwad, Rahane, Rayudu, Moeen Ali",174.8596491,5.947368421
202350,DC,RCB,"Arun Jaitley Stadium, Delhi",win,"Philip Salt, Mitchell Marsh, Khaleel Ahmed, Kuldeep Yadav, Rossouw, Axar, Ishant, Mukesh Kumar, Warner",170.4181818,6.672727273
202351,GT,LSG,"Narendra Modi Stadium, Ahmedabad",win,"Shubman Gill, Saha, Hardik Pandya, Mohit Sharma, Noor Ahmad, Shami, Rashid Khan, Miller, Alzarri Joseph",177.3666667,5.4
202352,SRH,RR,"Sawai Mansingh Stadium, Jaipur",win,"Abhishek Sharma, Tripathi, Marco Jansen, Bhuvneshwar, Anmolpreet Singh, T Natarajan, Markande, Vivrant Sharma, Klaasen, Abdul Samad, Glenn Phillips",177.8245614,6.263157895
202353,KKR,PBKS,"Eden Gardens, Kolkata",win,"Nitish Rana, Russell, Chakaravarthy, Narine, Suyash Sharma, Roy, Harshit Rana, Vaibhav Arora, Gurbaz, Venkatesh Iyer, Rinku Singh",169.8181818,6.527272727
202354,MI,RCB,"Wankhede Stadium, Mumbai",win,"Nehal Wadhera, Suryakumar Yadav, Jordan, Kartikeya, Behrendorff, Chawla, Ishan Kishan, Green, Akash Madhwal, Rohit, Tim David",177.1864407,6.13559322
202355,CSK,DC,"MA Chidambaram Stadium, Chennai",win,"Jadeja, Moeen Ali, Pathirana, Chahar, Rahane, Gaikwad, Tushar Deshpande, Rayudu, Conway, Shivam Dube, Theekshana",174.8596491,5.947368421
202356,RR,KKR,"Eden Gardens, Kolkata",win,"Jaiswal, Samson, Ashwin, Chahal, Sandeep Sharma, KM Asif, Boult, Root, Buttler",176.8833333,5.9
202357,MI,GT,"Wankhede Stadium, Mumbai",win,"Suryakumar Yadav, Behrendorff, Akash Madhwal, Chawla, Jordan, Ishan Kishan, Kartikeya, Vishnu Vinod, Rohit, Green, Nehal Wadhera",177.1864407,6.13559322
202358,LSG,SRH,"Rajiv Gandhi International Stadium, Hyderabad",win,"Prerak Mankad, Stoinis, Mishra, Krunal Pandya, Yash Thakur, Mayers, Yudhvir Singh, de Kock, Pooran, Avesh Khan, Ravi Bishnoi",177.7017544,6.087719298
202359,PBKS,DC,"Arun Jaitley Stadium, Delhi",win,"Prabhsimran, Sam Curran, Harpreet Brar, Nathan Ellis, Rahul Chahar, Arshdeep Singh, Raza, Dhawan, Rishi Dhawan, Jitesh Sharma, Livingstone",176.9491525,6.508474576
202360,RCB,RR,"Sawai Mansingh Stadium, Jaipur",win,"du Plessis, Maxwell, M Bracewell, Kohli, Parnell, Siraj, Anuj Rawat, Karn Sharma, Karthik, Lomror",178.4833333,5.983333333
202361,KKR,CSK,"MA Chidambaram Stadium, Chennai",win,"Nitish Rana, Rinku Singh, Vaibhav Arora, Chakaravarthy, Narine, Suyash Sharma, Thakur, Roy, Harshit Rana, Gurbaz, Venkatesh Iyer",169.8181818,6.527272727
202362,GT,SRH,"Narendra Modi Stadium, Ahmedabad",win,"Shubman Gill, Sai Sudharsan, Yash Dayal, Mohit Sharma, Rashid Khan, Shami, Noor Ahmad, Rahul Tewatia, Shanaka, Hardik Pandya, Miller",177.3666667,5.4
202363,LSG,MI,"Bharat Ratna Shri Atal Bihari Vajpayee Ekana Cricket Stadium, Lucknow",win,"Krunal Pandya, Stoinis, Yash Thakur, Naveen-ul-Haq, Ravi Bishnoi, Mohsin Khan, de Kock, Pooran, Hooda, Swapnil Singh, Prerak Mankad",177.7017544,6.087719298
202365,RCB,SRH,"Rajiv Gandhi International Stadium, Hyderabad",win,"Kohli, du Plessis, Siraj, Harshal Patel, Parnell, Karn Sharma, Shahbaz Ahmed, M Bracewell, Maxwell",178.4833333,5.983333333
202366,RR,PBKS,"Himachal Pradesh Cricket Association Stadium, Dharamsala",win,"Jaiswal, Hetmyer, Padikkal, Boult, Sandeep Sharma, Chahal, Navdeep Saini, Zampa, Riyan Parag, Buttler, Dhruv Jurel",176.8833333,5.9
202367,CSK,DC,"Arun Jaitley Stadium, Delhi",win,"Conway, Gaikwad, Jadeja, Pathirana, Tushar Deshpande, Chahar, Theekshana, Shivam Dube, Dhoni",174.8596491,5.947368421
202368,LSG,KKR,"Eden Gardens, Kolkata",win,"Pooran, Krunal Pandya, Gowtham, Naveen-ul-Haq, Ravi Bishnoi, de Kock, Ayush Badoni, Yash Thakur, Prerak Mankad, Mohsin Khan, Karan Sharma",177.7017544,6.087719298
202369,MI,SRH,"Wankhede Stadium, Mumbai",win,"Green, Rohit, Akash Madhwal, Jordan, Kartikeya, Chawla, Behrendorff, Suryakumar Yadav, Ishan Kishan",177.1864407,6.13559322
202370,GT,RCB,"M.Chinnaswamy Stadium, Bengaluru",win,"Shubman Gill, Shankar, Mohit Sharma, Noor Ahmad, Shami, Rashid Khan, Yash Dayal, Saha, Miller, Rahul Tewatia, Shanaka",177.3666667,5.4
202371,CSK,GT,"MA Chidambaram Stadium, Chennai",win,"Gaikwad, Jadeja, Conway, Pathirana, Chahar, Tushar Deshpande, Theekshana, Rahane, Rayudu, Moeen Ali, Shivam Dube",174.8596491,5.947368421
202373,GT,MI,"Narendra Modi Stadium, Ahmedabad",win,"Shubman Gill, Sai Sudharsan, Rashid Khan, Hardik Pandya, Noor Ahmad, Joshua Little, Shami, Saha, Mohit Sharma",177.3666667,5.4
202374,GT,CSK,"Narendra Modi Stadium, Ahmedabad",win,"Sai Sudharsan, Saha, Noor Ahmad, Rashid Khan, Shubman Gill, Hardik Pandya, Mohit Sharma, Shami, Joshua Little",177.3666667,5.4
202401,CSK,RCB,"MA Chidambaram Stadium, Chennai",win,"Jadeja, Shivam Dube, Tushar Deshpande, Chahar, Mustafizur, Theekshana, Rahane, Mitchell, Ravindra, Gaikwad",174.8596491,5.947368421
202402,PBKS,DC,"Maharaja Yadavindra Singh International Cricket Stadium, Mullanpur, Chandigarh",win,"Sam Curran, Arshdeep Singh, Rabada, Harshal Patel, Rahul Chahar, Livingstone, Harpreet Brar, Dhawan, Prabhsimran, Jitesh Sharma, Bairstow",176.9491525,6.508474576
202403,KKR,SRH,"Eden Gardens, Kolkata",win,"Philip Salt, Russell, Narine, Starc, Chakaravarthy, Harshit Rana, Ramandeep Singh, Rinku Singh, Suyash Sharma, Nitish Rana, Venkatesh Iyer",169.8181818,6.527272727
202404,RR,LSG,"Sawai Mansingh Stadium, Jaipur",win,"Samson, Riyan Parag, Ashwin, Boult, Avesh Khan, Chahal, Sandeep Sharma, Nandre Burger, Dhruv Jurel, Jaiswal, Buttler",176.8833333,5.9
202405,GT,MI,"Narendra Modi Stadium, Ahmedabad",win,"Sai Sudharsan, Azmatullah, Rashid Khan, Mohit Sharma, Sai Kishore, Shubman Gill, Umesh Yadav, Rahul Tewatia, Saha, Spencer Johnson, Miller",177.3666667,5.4
202406,RCB,PBKS,"M.Chinnaswamy Stadium, Bengaluru",win,"Kohli, Alzarri Joseph, Yash Dayal, Maxwell, Siraj, Rajat Patidar, Green, Mayank Dagar, Anuj Rawat, Karthik, Lomror",178.4833333,5.983333333
202407,CSK,GT,"MA Chidambaram Stadium, Chennai",win,"Gaikwad, Mitchell, Pathirana, Chahar, Shivam Dube, Mustafizur, Tushar Deshpande, Ravindra, Jadeja, Rahane, Sameer Rizvi",174.8596491,5.947368421
202408,SRH,MI,"Rajiv Gandhi International Stadium, Hyderabad",win,"Klaasen, Markram, Markande, Unadkat, Cummins, Head, Bhuvneshwar, Abhishek Sharma, Shahbaz Ahmed, Mayank, Umran Malik",177.8245614,6.263157895
202409,RR,DC,"Sawai Mansingh Stadium, Jaipur",win,"Riyan Parag, Ashwin, Sandeep Sharma, Avesh Khan, Boult, Chahal, Nandre Burger, Buttler, Samson, Dhruv Jurel, Hetmyer",176.8833333,5.9
202410,KKR,RCB,"M.Chinnaswamy Stadium, Bengaluru",win,"Narine, Venkatesh Iyer, Harshit Rana, Russell, Starc, Shreyas Iyer, Philip Salt, Anukul Roy, Chakaravarthy, Rinku Singh",169.8181818,6.527272727
202411,LSG,PBKS,"Bharat Ratna Shri Atal Bihari Vajpayee Ekana Cricket Stadium, Lucknow",win,"Krunal Pandya, de Kock, Mohsin Khan, Naveen-ul-Haq, Mayank Yadav, Pooran, Ravi Bishnoi, M Siddharth, Stoinis, Ayush Badoni, Rahul",177.7017544,6.087719298
202412,GT,SRH,"Narendra Modi Stadium, Ahmedabad",win,"Sai Sudharsan, Miller, Shubman Gill, Mohit Sharma, Noor Ahmad, Rashid Khan, Azmatullah, Umesh Yadav, Darshan Nalkande, Saha, Shankar",177.3666667,5.4
202413,DC,CSK,"Dr. Y.S. Rajasekhara Reddy ACA-VDCA Cricket Stadium, Visakhapatnam",win,"Warner, Pant, Prithvi Shaw, Khaleel Ahmed, Axar, Nortje, Ishant, Mitchell Marsh, Mukesh Kumar, Rasikh Salam, Abishek Porel",170.4181818,6.672727273
202414,RR,MI,"Wankhede Stadium, Mumbai",win,"Ashwin, Riyan Parag, Avesh Khan, Boult, Nandre Burger, Chahal, Buttler, Samson, Jaiswal, Shubham Dubey",176.8833333,5.9
202415,LSG,RCB,"M.Chinnaswamy Stadium, Bengaluru",win,"de Kock, Mayank Yadav, Yash Thakur, Naveen-ul-Haq, Pooran, Stoinis, Ravi Bishnoi, M Siddharth, Rahul, Padikkal, Krunal Pandya",177.7017544,6.087719298
202416,KKR,DC,"Dr. Y.S. Rajasekhara Reddy ACA-VDCA Cricket Stadium, Visakhapatnam",win,"Narine, Russell, Angkrish Raghuvanshi, Chakaravarthy, Vaibhav Arora, Starc, Philip Salt, Shreyas Iyer, Rinku Singh, Venkatesh Iyer, Ramandeep Singh",169.8181818,6.527272727
202417,PBKS,GT,"Narendra Modi Stadium, Ahmedabad",win,"Shashank Singh, Raza, Harpreet Brar, Harshal Patel, Prabhsimran, Rabada, Arshdeep Singh, Sam Curran, Ashutosh Sharma, Bairstow, Jitesh Sharma",176.9491525,6.508474576
202418,SRH,CSK,"Rajiv Gandhi International Stadium, Hyderabad",win,"Markram, Shahbaz Ahmed, Unadkat, Bhuvneshwar, Cummins, Head, T Natarajan, Abhishek Sharma, Markande, Klaasen, Nitish Reddy",177.8245614,6.263157895
202419,RR,RCB,"Sawai Mansingh Stadium, Jaipur",win,"Buttler, Samson, Nandre Burger, Ashwin, Chahal, Avesh Khan, Boult, Riyan Parag, Hetmyer, Dhruv Jurel, Jaiswal",176.8833333,5.9
202420,MI,DC,"Wankhede Stadium, Mumbai",win,"Shepherd, Hardik Pandya, Rohit, Akash Madhwal, Bumrah, Gerald Coetzee, Ishan Kishan, Tim David, Chawla, Nabi, Tilak Varma",177.1864407,6.13559322
202421,LSG,GT,"Bharat Ratna Shri Atal Bihari Vajpayee Ekana Cricket Stadium, Lucknow",win,"Stoinis, Rahul, M Siddharth, Krunal Pandya, Naveen-ul-Haq, Yash Thakur, Pooran, Ravi Bishnoi, Ayush Badoni, Padikkal, Mayank Yadav",177.7017544,6.087719298
202422,CSK,KKR,"MA Chidambaram Stadium, Chennai",win,"Gaikwad, Mustafizur, Tushar Deshpande, Jadeja, Theekshana, Mitchell, Thakur, Shivam Dube, Ravindra, Dhoni",174.8596491,5.947368421
202423,SRH,PBKS,"Maharaja Yadavindra Singh International Cricket Stadium, Mullanpur, Chandigarh",win,"Nitish Reddy, Bhuvneshwar, Cummins, Unadkat, T Natarajan, Head, Shahbaz Ahmed, Tripathi, Abdul Samad, Abhishek Sharma, Klaasen",177.8245614,6.263157895
202424,GT,RR,"Sawai Mansingh Stadium, Jaipur",win,"Shubman Gill, Rashid Khan, Sai Sudharsan, Mohit Sharma, Noor Ahmad, Umesh Yadav, Spencer Johnson, Rahul Tewatia, Shankar, Shahrukh Khan, Wade",177.3666667,5.4
202425,MI,RCB,"Wankhede Stadium, Mumbai",win,"Ishan Kishan, Akash Madhwal, Gerald Coetzee, Rohit, Bumrah, Shreyas Gopal, Suryakumar Yadav, Hardik Pandya, Shepherd, Tilak Varma, Nabi",177.1864407,6.13559322
202426,DC,LSG,"Bharat Ratna Shri Atal Bihari Vajpayee Ekana Cricket Stadium, Lucknow",win,"Fraser-McGurk, Ishant, Khaleel Ahmed, Kuldeep Yadav, Mukesh Kumar, Axar, Pant, Prithvi Shaw, Shai Hope, Tristan Stubbs, Warner",170.4181818,6.672727273
202427,RR,PBKS,"Maharaja Yadavindra Singh International Cricket Stadium, Mullanpur, Chandigarh",win,"Tanush Kotian, Jaiswal, Chahal, Boult, Maharaj, Avesh Khan, Kuldeep Sen, Riyan Parag, Samson, Dhruv Jurel, Hetmyer",176.8833333,5.9
202429,CSK,MI,"Wankhede Stadium, Mumbai",win,"Gaikwad, Shivam Dube, Mustafizur, Pathirana, Jadeja, Thakur, Tushar Deshpande, Ravindra, Mitchell, Rahane, Dhoni",174.8596491,5.947368421
202430,SRH,RCB,"M.Chinnaswamy Stadium, Bengaluru",win,"Head, Klaasen, Abhishek Sharma, Bhuvneshwar, Markande, T Natarajan, Cummins, Markram, Unadkat, Abdul Samad, Shahbaz Ahmed",177.8245614,6.263157895
202431,RR,KKR,"Eden Gardens, Kolkata",win,"Buttler, Ashwin, Kuldeep Sen, Avesh Khan, Boult, Chahal, Riyan Parag, Powell, Jaiswal, Samson, Dhruv Jurel",176.8833333,5.9
202432,DC,GT,"Narendra Modi Stadium, Ahmedabad",win,"Axar, Khaleel Ahmed, Kuldeep Yadav, Mukesh Kumar, Ishant, Fraser-McGurk, Pant, Shai Hope, Sumit Kumar, Abishek Porel, Tristan Stubbs",170.4181818,6.672727273
202433,MI,PBKS,"Maharaja Yadavindra Singh International Cricket Stadium, Mullanpur, Chandigarh",win,"Suryakumar Yadav, Hardik Pandya, Bumrah, Gerald Coetzee, Rohit, Akash Madhwal, Tilak Varma, Shepherd, Shreyas Gopal, Tim David, Ishan Kishan",177.1864407,6.13559322
202434,LSG,CSK,"Bharat Ratna Shri Atal Bihari Vajpayee Ekana Cricket Stadium, Lucknow",win,"Rahul, de Kock, Mohsin Khan, Ravi Bishnoi, Yash Thakur, Stoinis, Krunal Pandya, Matt Henry, Pooran",177.7017544,6.087719298
202435,SRH,DC,"Arun Jaitley Stadium, Delhi",win,"Nitish Reddy, Shahbaz Ahmed, Head, Bhuvneshwar, Cummins, T Natarajan, Markande, Abhishek Sharma, Washington Sundar, Klaasen, Abdul Samad",177.8245614,6.263157895
202436,KKR,RCB,"Eden Gardens, Kolkata",win,"Russell, Narine, Shreyas Iyer, Harshit Rana, Chakaravarthy, Starc, Rinku Singh, Philip Salt, Suyash Sharma, Ramandeep Singh, Venkatesh Iyer",169.8181818,6.527272727
202437,GT,PBKS,"Maharaja Yadavindra Singh International Cricket Stadium, Mullanpur, Chandigarh",win,"Sai Sudharsan, Shubman Gill, Rashid Khan, Mohit Sharma, Sai Kishore, Noor Ahmad, Azmatullah, Rahul Tewatia, Saha, Shahrukh Khan, Miller",177.3666667,5.4
202438,RR,MI,"Sawai Mansingh Stadium, Jaipur",win,"Jaiswal, Samson, Avesh Khan, Boult, Ashwin, Buttler, Chahal, Sandeep Sharma",176.8833333,5.9
202439,LSG,CSK,"MA Chidambaram Stadium, Chennai",win,"Stoinis, Yash Thakur, Matt Henry, Mohsin Khan, Padikkal, Pooran, Rahul, Krunal Pandya, Ravi Bishnoi, Hooda, de Kock",177.7017544,6.087719298
202440,DC,GT,"Arun Jaitley Stadium, Delhi",win,"Axar, Pant, Kuldeep Yadav, Mukesh Kumar, Rasikh Salam, Nortje, Fraser-McGurk, Khaleel Ahmed, Prithvi Shaw, Tristan Stubbs, Shai Hope",170.4181818,6.672727273
202441,RCB,SRH,"Rajiv Gandhi International Stadium, Hyderabad",win,"Kohli, Green, Karn Sharma, Siraj, Swapnil Singh, Rajat Patidar, Will Jacks, Yash Dayal, Ferguson, du Plessis, Karthik",178.4833333,5.983333333
202442,PBKS,KKR,"Eden Gardens, Kolkata",win,"Bairstow, Shashank Singh, Arshdeep Singh, Rahul Chahar, Sam Curran, Prabhsimran, Rabada, Harshal Patel, Rossouw, Harpreet Brar",176.9491525,6.508474576
202443,DC,MI,"Arun Jaitley Stadium, Delhi",win,"Abishek Porel, Fraser-McGurk, Tristan Stubbs, Rasikh Salam, Khaleel Ahmed, Mukesh Kumar, Williams, Pant, Kuldeep Yadav, Axar, Shai Hope",170.4181818,6.672727273
202444,RR,LSG,"Bharat Ratna Shri Atal Bihari Vajpayee Ekana Cricket Stadium, Lucknow",win,"Dhruv Jurel, Samson, Ashwin, Avesh Khan, Boult, Chahal, Sandeep Sharma, Buttler, Jaiswal, Riyan Parag",176.8833333,5.9
202445,RCB,GT,"Narendra Modi Stadium, Ahmedabad",win,"Kohli, Will Jacks, Yash Dayal, Siraj, Green, Karn Sharma, Maxwell, Swapnil Singh, du Plessis",178.4833333,5.983333333
202446,CSK,SRH,"MA Chidambaram Stadium, Chennai",win,"Gaikwad, Mitchell, Thakur, Jadeja, Shivam Dube, Chahar, Tushar Deshpande, Mustafizur, Pathirana, Rahane, Dhoni",174.8596491,5.947368421
202447,KKR,DC,"Eden Gardens, Kolkata",win,"Narine, Philip Salt, Vaibhav Arora, Harshit Rana, Chakaravarthy, Shreyas Iyer, Venkatesh Iyer, Starc, Rinku Singh, Russell",169.8181818,6.527272727
202448,LSG,MI,"Bharat Ratna Shri Atal Bihari Vajpayee Ekana Cricket Stadium, Lucknow",win,"Stoinis, Hooda, Ravi Bishnoi, Mohsin Khan, Naveen-ul-Haq, Rahul, Mayank Yadav, Pooran, Turner, Ayush Badoni, Arshin Kulkarni",177.7017544,6.087719298
202451,KKR,MI,"Wankhede Stadium, Mumbai",win,"Venkatesh Iyer, Manish Pandey, Narine, Russell, Starc, Chakaravarthy, Vaibhav Arora, Rinku Singh, Angkrish Raghuvanshi, Philip Salt, Ramandeep Singh",169.8181818,6.527272727
202452,RCB,GT,"M.Chinnaswamy Stadium, Bengaluru",win,"Kohli, Siraj, Green, Yash Dayal, du Plessis, Vijaykumar Vyshak, Karn Sharma, Swapnil Singh, Karthik, Rajat Patidar, Maxwell",178.4833333,5.983333333
202453,CSK,PBKS,"Himachal Pradesh Cricket Association Stadium, Dharamsala",win,"Jadeja, Santner, Richard Gleeson, Tushar Deshpande, Thakur, Gaikwad, Moeen Ali, Mitchell, Simarjeet Singh, Rahane, Dhoni",174.8596491,5.947368421
202454,KKR,LSG,"Bharat Ratna Shri Atal Bihari Vajpayee Ekana Cricket Stadium, Lucknow",win,"Narine, Angkrish Raghuvanshi, Russell, Harshit Rana, Chakaravarthy, Shreyas Iyer, Philip Salt, Vaibhav Arora, Starc, Rinku Singh, Ramandeep Singh",169.8181818,6.527272727
202455,MI,SRH,"Wankhede Stadium, Mumbai",win,"Suryakumar Yadav, Tilak Varma, N Thushara, Anshul Kamboj, Chawla, Bumrah, Hardik Pandya, Naman Dhir, Ishan Kishan, Rohit",177.1864407,6.13559322
202456,DC,RR,"Arun Jaitley Stadium, Delhi",win,"Abishek Porel, Axar, Khaleel Ahmed, Kuldeep Yadav, Rasikh Salam, Fraser-McGurk, Tristan Stubbs, Ishant, Mukesh Kumar, Gulbadin, Pant",170.4181818,6.672727273
202457,SRH,LSG,"Rajiv Gandhi International Stadium, Hyderabad",win,"Abhishek Sharma, Head, T Natarajan, Bhuvneshwar, Cummins, V Viyaskanth, Shahbaz Ahmed, Unadkat",177.8245614,6.263157895
202458,RCB,PBKS,"Himachal Pradesh Cricket Association Stadium, Dharamsala",win,"Kohli, Green, Siraj, Rajat Patidar, Swapnil Singh, Ferguson, Karn Sharma, Will Jacks, Yash Dayal, Karthik, du Plessis",178.4833333,5.983333333
202459,GT,CSK,"Narendra Modi Stadium, Ahmedabad",win,"Shubman Gill, Sai Sudharsan, Kartik Tyagi, Mohit Sharma, Rashid Khan, Umesh Yadav, Warrier, Miller, Noor Ahmad, Shahrukh Khan",177.3666667,5.4
202460,KKR,MI,"Eden Gardens, Kolkata",win,"Russell, Chakaravarthy, Nitish Rana, Venkatesh Iyer, Harshit Rana, Narine, Vaibhav Arora, Rinku Singh, Shreyas Iyer, Ramandeep Singh, Starc",169.8181818,6.527272727
202461,CSK,RR,"MA Chidambaram Stadium, Chennai",win,"Gaikwad, Jadeja, Simarjeet Singh, Thakur, Theekshana, Tushar Deshpande, Ravindra, Mitchell, Moeen Ali, Shivam Dube, Sameer Rizvi",174.8596491,5.947368421
202462,RCB,DC,"M.Chinnaswamy Stadium, Bengaluru",win,"Green, Will Jacks, Rajat Patidar, Siraj, Ferguson, Yash Dayal, Karn Sharma, Kohli, Lomror, Swapnil Singh, du Plessis",178.4833333,5.983333333
202464,DC,LSG,"Arun Jaitley Stadium, Delhi",win,"Abishek Porel, Tristan Stubbs, Shai Hope, Mukesh Kumar, Ishant, Kuldeep Yadav, Pant, Rasikh Salam, Axar, Khaleel Ahmed, Gulbadin",170.4181818,6.672727273
202465,PBKS,RR,"Barsapara Cricket Stadium, Guwahati",win,"Sam Curran, Harshal Patel, Arshdeep Singh, Nathan Ellis, Rahul Chahar, Bairstow, Jitesh Sharma, Rossouw, Ashutosh Sharma, Harpreet Brar, Prabhsimran",176.9491525,6.508474576
202467,LSG,MI,"Wankhede Stadium, Mumbai",win,"Rahul, Krunal Pandya, Pooran, Mohsin Khan, Naveen-ul-Haq, Ravi Bishnoi, Stoinis, Arshad Khan, Matt Henry, Ayush Badoni, Hooda",177.7017544,6.087719298
202468,RCB,CSK,"M.Chinnaswamy Stadium, Bengaluru",win,"du Plessis, Green, Kohli, Maxwell, Rajat Patidar, Siraj, Yash Dayal, Ferguson, Swapnil Singh, Karthik, Karn Sharma",178.4833333,5.983333333
202469,SRH,PBKS,"Rajiv Gandhi International Stadium, Hyderabad",win,"Nitish Reddy, Abhishek Sharma, Klaasen, T Natarajan, Bhuvneshwar, Cummins, V Viyaskanth, Tripathi, Shahbaz Ahmed, Abdul Samad, Sanvir Singh",177.8245614,6.263157895
202471,KKR,SRH,"Narendra Modi Stadium, Ahmedabad",win,"Narine, Venkatesh Iyer, Chakaravarthy, Harshit Rana, Starc, Shreyas Iyer, Gurbaz, Vaibhav Arora, Russell",169.8181818,6.527272727
202472,RR,RCB,"Narendra Modi Stadium, Ahmedabad",win,"Jaiswal, Riyan Parag, Ashwin, Avesh Khan, Boult, Chahal, Sandeep Sharma, Hetmyer, Kohler-Cadmore, Samson, Dhruv Jurel",176.8833333,5.9
202473,SRH,RR,"MA Chidambaram Stadium, Chennai",win,"Shahbaz Ahmed, Klaasen, Cummins, Abhishek Sharma, Head, T Natarajan, Bhuvneshwar, Tripathi, Nitish Reddy, Markram, Unadkat",177.8245614,6.263157895
202474,KKR,SRH,"MA Chidambaram Stadium, Chennai",win,"Gurbaz, Venkatesh Iyer, Narine, Harshit Rana, Vaibhav Arora, Starc, Russell, Chakaravarthy, Shreyas Iyer",169.8181818,6.527272727
202501,RCB,KKR,"Eden Gardens, Kolkata",win,"Kohli, Phil Salt, Krunal Pandya, Suyash Sharma, Hazlewood, Rasikh Salam, Yash Dayal, Livingstone, Rajat Patidar, Padikkal",178.4833333,5.983333333
202502,SRH,RR,"Rajiv Gandhi International Stadium, Hyderabad",win,"Ishan Kishan, Head, Cummins, Harshal Patel, Zampa, Abhishek Sharma, Simarjeet Singh, Shami, Nitish Reddy, Klaasen, Aniket Verma",177.8245614,6.263157895
202503,CSK,MI,"MA Chidambaram Stadium, Chennai",win,"Ravindra, Jadeja, Noor Ahmad, Gaikwad, Khaleel Ahmed, Nathan Ellis, Ashwin, Sam Curran, Shivam Dube, Hooda, Tripathi",174.8596491,5.947368421
202504,DC,LSG,"Dr. Y.S. Rajasekhara Reddy ACA-VDCA Cricket Stadium, Visakhapatnam",win,"Ashutosh Sharma, Mohit Sharma, Axar, Kuldeep Yadav, Mitchell Starc, Stubbs, Vipraj Nigam, du Plessis, Mukesh Kumar, Sameer Rizvi, Abishek Porel",170.4181818,6.672727273
202505,PBKS,GT,"Narendra Modi Stadium, Ahmedabad",win,"Shreyas Iyer, Stoinis, Azmatullah, Marco Jansen, Arshdeep Singh, Priyansh Arya, Vijaykumar Vyshak, Chahal, Shashank Singh, Maxwell, Prabhsimran",176.9491525,6.508474576
202506,KKR,RR,"Barsapara Cricket Stadium, Guwahati",win,"de Kock, Moeen Ali, Spencer Johnson, Vaibhav Arora, Harshit Rana, Varun Chakaravarthy, Angkrish Raghuvanshi, Rahane",169.8181818,6.527272727
202507,LSG,SRH,"Rajiv Gandhi International Stadium, Hyderabad",win,"Mitchell Marsh, Pooran, Prince Yadav, Digvesh Rathi, Thakur, Avesh Khan, Ravi Bishnoi, Pant, Abdul Samad, Miller, Ayush Badoni",177.7017544,6.087719298
202508,RCB,CSK,"MA Chidambaram Stadium, Chennai",win,"Rajat Patidar, Livingstone, Kohli, Suyash Sharma, Hazlewood, Bhuvneshwar, Yash Dayal, Phil Salt, Krunal Pandya, Padikkal, Tim David",178.4833333,5.983333333
202509,GT,MI,"Narendra Modi Stadium, Ahmedabad",win,"Sai Sudharsan, Rabada, Shubman Gill, Sai Kishore, Siraj, Buttler, Prasidh, Rashid Khan, Ishant, Rutherford, Shahrukh Khan",177.3666667,5.4
202510,DC,SRH,"Dr. Y.S. Rajasekhara Reddy ACA-VDCA Cricket Stadium, Visakhapatnam",win,"Fraser-McGurk, du Plessis, Axar, Kuldeep Yadav, Mitchell Starc, Mohit Sharma, Abishek Porel, Mukesh Kumar, Stubbs, Vipraj Nigam, Rahul",170.4181818,6.672727273
202511,RR,CSK,"Barsapara Cricket Stadium, Guwahati",win,"Nitish Rana, Riyan Parag, Hasaranga, Tushar Deshpande, Theekshana, Sandeep Sharma, Jofra Archer, Hetmyer, Samson, Dhruv Jurel, Kartikeya",176.8833333,5.9
202512,MI,KKR,"Wankhede Stadium, Mumbai",win,"Rickelton, Boult, Santner, Ashwani Kumar, Will Jacks, Chahar, Hardik Pandya, Rohit, Vignesh Puthur, Suryakumar Yadav",177.1864407,6.13559322
202513,PBKS,LSG,"Bharat Ratna Shri Atal Bihari Vajpayee Ekana Cricket Stadium, Lucknow",win,"Prabhsimran, Shreyas Iyer, Arshdeep Singh, Marco Jansen, Nehal Wadhera, Chahal, Ferguson, Maxwell, Stoinis, Priyansh Arya",176.9491525,6.508474576
202514,GT,RCB,"M.Chinnaswamy Stadium, Bengaluru",win,"Buttler, Sai Sudharsan, Sai Kishore, Siraj, Prasidh, Rashid Khan, Rutherford, Shubman Gill, Arshad Khan, Ishant",177.3666667,5.4
202515,KKR,SRH,"Eden Gardens, Kolkata",win,"Angkrish Raghuvanshi, Narine, Venkatesh Iyer, Rahane, Varun Chakaravarthy, Vaibhav Arora, Harshit Rana, Rinku Singh, Russell, de Kock",169.8181818,6.527272727
202516,LSG,MI,"Bharat Ratna Shri Atal Bihari Vajpayee Ekana Cricket Stadium, Lucknow",win,"Markram, Mitchell Marsh, Thakur, Avesh Khan, Akash Deep, Digvesh Rathi, Ravi Bishnoi, Ayush Badoni, Miller, Pant, Pooran",177.7017544,6.087719298
202517,DC,CSK,"MA Chidambaram Stadium, Chennai",win,"Rahul, Mitchell Starc, Vipraj Nigam, Mukesh Kumar, Kuldeep Yadav, Mohit Sharma, Abishek Porel, Axar, Sameer Rizvi, Stubbs, Fraser-McGurk",170.4181818,6.672727273
202518,RR,PBKS,"Maharaja Yadavindra Singh International Cricket Stadium, Mullanpur, Chandigarh",win,"Jaiswal, Theekshana, Riyan Parag, Samson, Jofra Archer, Sandeep Sharma, Hasaranga, Yudhvir Singh, Hetmyer, Kartikeya, Nitish Rana",176.8833333,5.9
202519,GT,SRH,"Rajiv Gandhi International Stadium, Hyderabad",win,"Shubman Gill, Washington Sundar, Prasidh, Ishant, Rashid Khan, Sai Kishore, Siraj, Rutherford, Sai Sudharsan, Buttler",177.3666667,5.4
202520,RCB,MI,"Wankhede Stadium, Mumbai",win,"Kohli, Rajat Patidar, Krunal Pandya, Bhuvneshwar, Hazlewood, Suyash Sharma, Yash Dayal, Padikkal, Jitesh Sharma, Livingstone, Phil Salt",178.4833333,5.983333333
202521,LSG,KKR,"Eden Gardens, Kolkata",win,"Mitchell Marsh, Pooran, Markram, Akash Deep, Ravi Bishnoi, Thakur, Digvesh Rathi, Avesh Khan, Abdul Samad, Miller",177.7017544,6.087719298
202522,PBKS,CSK,"Maharaja Yadavindra Singh International Cricket Stadium, Mullanpur, Chandigarh",win,"Marco Jansen, Priyansh Arya, Shashank Singh, Ferguson, Arshdeep Singh, Yash Thakur, Maxwell, Stoinis, Nehal Wadhera, Shreyas Iyer, Chahal",176.9491525,6.508474576
202523,GT,RR,"Narendra Modi Stadium, Ahmedabad",win,"Sai Sudharsan, Rashid Khan, Siraj, Buttler, Prasidh, Shahrukh Khan, Khejroliya, Rahul Tewatia, Sai Kishore, Arshad Khan, Shubman Gill",177.3666667,5.4
202524,DC,RCB,"M.Chinnaswamy Stadium, Bengaluru",win,"Rahul, Axar, Kuldeep Yadav, Vipraj Nigam, Stubbs, Mitchell Starc, Mukesh Kumar, Mohit Sharma, Abishek Porel, Fraser-McGurk, du Plessis",170.4181818,6.672727273
202525,KKR,CSK,"MA Chidambaram Stadium, Chennai",win,"Narine, Vaibhav Arora, Harshit Rana, Moeen Ali, Varun Chakaravarthy, Rahane, de Kock, Rinku Singh",169.8181818,6.527272727
202526,LSG,GT,"Bharat Ratna Shri Atal Bihari Vajpayee Ekana Cricket Stadium, Lucknow",win,"Markram, Pooran, Ravi Bishnoi, Thakur, Avesh Khan, Digvesh Rathi, Ayush Badoni, Pant, Akash Deep, Miller, Abdul Samad",177.7017544,6.087719298
202527,SRH,PBKS,"Rajiv Gandhi International Stadium, Hyderabad",win,"Abhishek Sharma, Head, Cummins, Eshan Malinga, Harshal Patel, Zeeshan Ansari, Shami, Klaasen, Ishan Kishan",177.8245614,6.263157895
202528,RCB,RR,"Sawai Mansingh Stadium, Jaipur",win,"Kohli, Phil Salt, Padikkal, Bhuvneshwar, Suyash Sharma, Krunal Pandya, Yash Dayal, Hazlewood, Livingstone",178.4833333,5.983333333
202529,MI,DC,"Arun Jaitley Stadium, Delhi",win,"Tilak Varma, Suryakumar Yadav, Rickelton, Santner, Karn Sharma, Bumrah, Chahar, Naman Dhir, Hardik Pandya, Boult, Rohit",177.1864407,6.13559322
202530,CSK,LSG,"Bharat Ratna Shri Atal Bihari Vajpayee Ekana Cricket Stadium, Lucknow",win,"Shivam Dube, Pathirana, Jadeja, Noor Ahmad, Khaleel Ahmed, Ravindra, Shaik Rasheed, Anshul Kamboj, Dhoni, Jamie Overton, Tripathi",174.8596491,5.947368421
202531,PBKS,KKR,"Maharaja Yadavindra Singh International Cricket Stadium, Mullanpur, Chandigarh",win,"Bartlett, Chahal, Maxwell, Marco Jansen, Arshdeep Singh, Shashank Singh, Prabhsimran, Priyansh Arya, Nehal Wadhera, Josh Inglis, Suryansh Shedge",176.9491525,6.508474576
202532,RR,DC,"Arun Jaitley Stadium, Delhi",win,"Jaiswal, Nitish Rana, Sandeep Sharma, Jofra Archer, Hasaranga, Theekshana, Samson, Tushar Deshpande, Dhruv Jurel, Riyan Parag, Hetmyer",176.8833333,5.9
202533,MI,SRH,"Wankhede Stadium, Mumbai",win,"Will Jacks, Hardik Pandya, Boult, Chahar, Bumrah, Rickelton, Tilak Varma, Rohit, Suryakumar Yadav, Santner, Naman Dhir",177.1864407,6.13559322
202534,PBKS,RCB,"M.Chinnaswamy Stadium, Bengaluru",win,"Nehal Wadhera, Arshdeep Singh, Bartlett, Chahal, Josh Inglis, Marco Jansen, Harpreet Brar, Priyansh Arya, Shreyas Iyer, Prabhsimran, Shashank Singh",176.9491525,6.508474576
202535,GT,DC,"Narendra Modi Stadium, Ahmedabad",win,"Buttler, Rutherford, Prasidh, Siraj, Arshad Khan, Rashid Khan, Sai Sudharsan, Ishant, Sai Kishore, Shubman Gill, Rahul Tewatia",177.3666667,5.4
202536,LSG,RR,"Sawai Mansingh Stadium, Jaipur",win,"Markram, Ayush Badoni, Avesh Khan, Digvesh Rathi, Prince Yadav, Ravi Bishnoi, Thakur, Abdul Samad, Miller, Pant, Pooran",177.7017544,6.087719298
202537,RCB,PBKS,"Maharaja Yadavindra Singh International Cricket Stadium, Mullanpur, Chandigarh",win,"Kohli, Padikkal, Bhuvneshwar, Krunal Pandya, Hazlewood, Suyash Sharma, Rajat Patidar, Shepherd, Yash Dayal, Jitesh Sharma, Phil Salt",178.4833333,5.983333333
202539,GT,KKR,"Eden Gardens, Kolkata",win,"Shubman Gill, Sai Sudharsan, Prasidh, Siraj, Rashid Khan, Buttler, Sai Kishore, Washington Sundar, Ishant, Shahrukh Khan, Rahul Tewatia",177.3666667,5.4
202540,DC,LSG,"Bharat Ratna Shri Atal Bihari Vajpayee Ekana Cricket Stadium, Lucknow",win,"Axar, Rahul, Abishek Porel, Kuldeep Yadav, Mitchell Starc, Mukesh Kumar, Chameera, Karun Nair, Vipraj Nigam",170.4181818,6.672727273
202541,MI,SRH,"Rajiv Gandhi International Stadium, Hyderabad",win,"Rohit, Boult, Chahar, Bumrah, Santner, Suryakumar Yadav, Hardik Pandya, Will Jacks, Rickelton, Vignesh Puthur, Tilak Varma",177.1864407,6.13559322
202542,RCB,RR,"M.Chinnaswamy Stadium, Bengaluru",win,"Kohli, Padikkal, Hazlewood, Krunal Pandya, Phil Salt, Bhuvneshwar, Suyash Sharma, Yash Dayal, Tim David, Jitesh Sharma, Shepherd",178.4833333,5.983333333
202543,SRH,CSK,"MA Chidambaram Stadium, Chennai",win,"Kamindu Mendis, Ishan Kishan, Harshal Patel, Cummins, Aniket Verma, Shami, Unadkat, Zeeshan Ansari, Head, Nitish Reddy, Klaasen",177.8245614,6.263157895
202544,PBKS,KKR,"Eden Gardens, Kolkata",win,"Prabhsimran, Priyansh Arya, Shreyas Iyer, Marco Jansen, Maxwell, Josh Inglis",176.9491525,6.508474576
202545,MI,LSG,"Wankhede Stadium, Mumbai",win,"Corbin Bosch, Rickelton, Will Jacks, Suryakumar Yadav, Bumrah, Boult, Chahar, Hardik Pandya, Karn Sharma, Naman Dhir, Rohit",177.1864407,6.13559322
202546,RCB,DC,"Arun Jaitley Stadium, Delhi",win,"Krunal Pandya, Kohli, Yash Dayal, Hazlewood, Bhuvneshwar, Suyash Sharma, Jacob Bethell, Rajat Patidar, Tim David, Padikkal",178.4833333,5.983333333
202547,RR,GT,"Sawai Mansingh Stadium, Jaipur",win,"Jaiswal, Vaibhav Suryavanshi, Sandeep Sharma, Theekshana, Hasaranga, Jofra Archer, Riyan Parag, Yudhvir Singh, Nitish Rana",176.8833333,5.9
202548,KKR,DC,"Arun Jaitley Stadium, Delhi",win,"Narine, Angkrish Raghuvanshi, Rinku Singh, Anukul Roy, Russell, Varun Chakaravarthy, Harshit Rana, Rahane, Vaibhav Arora, Gurbaz, Powell",169.8181818,6.527272727
202549,PBKS,CSK,"MA Chidambaram Stadium, Chennai",win,"Shreyas Iyer, Prabhsimran, Marco Jansen, Arshdeep Singh, Azmatullah, Suryansh Shedge, Chahal, Priyansh Arya, Harpreet Brar, Shashank Singh, Josh Inglis",176.9491525,6.508474576
202550,MI,RR,"Sawai Mansingh Stadium, Jaipur",win,"Rickelton, Rohit, Hardik Pandya, Bumrah, Karn Sharma, Suryakumar Yadav, Corbin Bosch, Boult, Chahar",177.1864407,6.13559322
202551,GT,SRH,"Narendra Modi Stadium, Ahmedabad",win,"Shubman Gill, Buttler, Siraj, Gerald Coetzee, Prasidh, Washington Sundar, Sai Sudharsan, Ishant, Rashid Khan, Sai Kishore, Rahul Tewatia",177.3666667,5.4
202552,RCB,CSK,"M.Chinnaswamy Stadium, Bengaluru",win,"Jacob Bethell, Kohli, Yash Dayal, Bhuvneshwar, Ngidi, Suyash Sharma, Shepherd, Krunal Pandya, Padikkal, Rajat Patidar, Jitesh Sharma",178.4833333,5.983333333
202553,RR,KKR,"Eden Gardens, Kolkata",win,"Riyan Parag, Jofra Archer, Hasaranga, Hetmyer, Theekshana, Jaiswal, Akash Madhwal, Shubham Dubey, Yudhvir Singh, KS Rathore, Vaibhav Suryavanshi",176.8833333,5.9
202554,PBKS,LSG,"Himachal Pradesh Cricket Association Stadium, Dharamsala",win,"Prabhsimran, Shreyas Iyer, Azmatullah, Chahal, Arshdeep Singh, Marco Jansen, Vijaykumar Vyshak, Shashank Singh, Josh Inglis, Stoinis, Nehal Wadhera",176.9491525,6.508474576
202556,MI,GT,"Wankhede Stadium, Mumbai",win,"Will Jacks, Chahar, Bumrah, Ashwani Kumar, Boult, Suryakumar Yadav, Corbin Bosch, Karn Sharma, Hardik Pandya, Naman Dhir, Rohit",177.1864407,6.13559322
202557,CSK,KKR,"Eden Gardens, Kolkata",win,"Shivam Dube, Jadeja, Noor Ahmad, Ashwin, Brevis, Pathirana, Anshul Kamboj, Dhoni, Khaleel Ahmed, Urvil Patel, Ayush Mhatre",174.8596491,5.947368421
202559,PBKS,RR,"Sawai Mansingh Stadium, Jaipur",win,"Nehal Wadhera, Azmatullah, Shashank Singh, Arshdeep Singh, Shreyas Iyer, Chahal, Harpreet Brar, Marco Jansen, Prabhsimran, Priyansh Arya, Bartlett",176.9491525,6.508474576
202560,GT,DC,"Arun Jaitley Stadium, Delhi",win,"Sai Sudharsan, Shubman Gill, Rashid Khan, Siraj, Prasidh, Sai Kishore, Arshad Khan, Rabada",177.3666667,5.4
202561,SRH,LSG,"Bharat Ratna Shri Atal Bihari Vajpayee Ekana Cricket Stadium, Lucknow",win,"Ishan Kishan, Klaasen, Harshal Patel, Cummins, Harsh Dubey, Eshan Malinga, Abhishek Sharma, Kamindu Mendis, Nitish Reddy, Zeeshan Ansari, Atharva Taide",177.8245614,6.263157895
202562,RR,CSK,"Arun Jaitley Stadium, Delhi",win,"Vaibhav Suryavanshi, Samson, Hasaranga, Akash Madhwal, Yudhvir Singh, Tushar Deshpande, Riyan Parag, Jaiswal, Kwena Maphaka, Dhruv Jurel, Hetmyer",176.8833333,5.9
202563,MI,DC,"Wankhede Stadium, Mumbai",win,"Suryakumar Yadav, Tilak Varma, Boult, Santner, Bumrah, Will Jacks, Chahar, Karn Sharma, Rickelton, Naman Dhir, Hardik Pandya",177.1864407,6.13559322
202564,LSG,GT,"Narendra Modi Stadium, Ahmedabad",win,"Mitchell Marsh, Pooran, Shahbaz Ahmed, Akash Deep, Markram, William ORourke, Avesh Khan, Akash Maharaj Singh, Ayush Badoni, Pant",177.7017544,6.087719298
202565,SRH,RCB,"Bharat Ratna Shri Atal Bihari Vajpayee Ekana Cricket Stadium, Lucknow",win,"Ishan Kishan, Cummins, Harshal Patel, Unadkat, Eshan Malinga, Nitish Reddy, Abhishek Sharma, Klaasen, Abhinav Manohar, Harsh Dubey, Head",177.8245614,6.263157895
202566,DC,PBKS,"Sawai Mansingh Stadium, Jaipur",win,"Karun Nair, Mukesh Kumar, Sameer Rizvi, Mohit Sharma, Kuldeep Yadav, Vipraj Nigam, Mustafizur, Rahul, Sediqullah Atal, du Plessis, Stubbs",170.4181818,6.672727273
202567,CSK,GT,"Narendra Modi Stadium, Ahmedabad",win,"Conway, Jadeja, Noor Ahmad, Brevis, Shivam Dube, Pathirana, Urvil Patel, Khaleel Ahmed, Ayush Mhatre, Anshul Kamboj, Hooda",174.8596491,5.947368421
202568,SRH,KKR,"Arun Jaitley Stadium, Delhi",win,"Head, Klaasen, Abhishek Sharma, Harsh Dubey, Unadkat, Eshan Malinga, Ishan Kishan, Cummins, Harshal Patel, Nitish Reddy, Aniket Verma",177.8245614,6.263157895
202569,PBKS,MI,"Sawai Mansingh Stadium, Jaipur",win,"Josh Inglis, Priyansh Arya, Marco Jansen, Vijaykumar Vyshak, Arshdeep Singh, Harpreet Brar, Jamieson, Shreyas Iyer, Prabhsimran, Nehal Wadhera",176.9491525,6.508474576
202570,RCB,LSG,"Bharat Ratna Shri Atal Bihari Vajpayee Ekana Cricket Stadium, Lucknow",win,"Jitesh Sharma, Kohli, N Thushara, Shepherd, Bhuvneshwar, Mayank Agarawal, Phil Salt, Yash Dayal, Suyash Sharma, Krunal Pandya, Rajat Patidar",178.4833333,5.983333333
202571,RCB,PBKS,"Maharaja Yadavindra Singh International Cricket Stadium, Mullanpur, Chandigarh",win,"Phil Salt, Yash Dayal, Hazlewood, Suyash Sharma, Mayank Agarawal, Bhuvneshwar, Kohli, Rajat Patidar, Krunal Pandya, Shepherd",178.4833333,5.983333333
202572,MI,GT,"Maharaja Yadavindra Singh International Cricket Stadium, Mullanpur, New Chandigarh",win,"Rohit, Hardik Pandya, Boult, Bumrah, Ashwani Kumar, Bairstow, Richard Gleeson, Suryakumar Yadav, Naman Dhir, Tilak Varma, Santner",177.1864407,6.13559322
202573,PBKS,MI,"Narendra Modi Stadium, Ahmedabad",win,"Shreyas Iyer, Nehal Wadhera, Arshdeep Singh, Azmatullah, Jamieson, Chahal, Josh Inglis, Vijaykumar Vyshak, Priyansh Arya, Prabhsimran, Stoinis",176.9491525,6.508474576
202574,RCB,PBKS,"Narendra Modi Stadium, Ahmedabad",win,"Kohli, Krunal Pandya, Shepherd, Bhuvneshwar, Hazlewood, Livingstone, Mayank Agarawal, Yash Dayal, Rajat Patidar, Suyash Sharma, Jitesh Sharma",178.4833333,5.983333333
202428,LSG,KKR,"Eden Gardens, Kolkata",won,"Pooran, Rahul, Shamar Joseph, Ayush Badoni, Mohsin Khan, Ravi Bishnoi, Arshad Khan, Krunal Pandya, Yash Thakur, Hooda, de Kock",177.7017544,6.087719298
202449,CSK,PBKS,"MA Chidambaram Stadium, Chennai",won,"Gaikwad, Mustafizur, Richard Gleeson, Moeen Ali, Rahane, Thakur, Sameer Rizvi, Jadeja, Dhoni, Shivam Dube, Chahar",174.8596491,5.947368421
202450,RR,SRH,"Rajiv Gandhi International Stadium, Hyderabad",won,"Riyan Parag, Jaiswal, Ashwin, Avesh Khan, Sandeep Sharma, Boult, Chahal, Powell, Hetmyer, Dhruv Jurel, Samson",176.8833333,5.9
202538,CSK,MI,"Wankhede Stadium, Mumbai",won,"Jadeja, Shivam Dube, Ashwin, Shaik Rasheed, Jamie Overton, Noor Ahmad, Ayush Mhatre, Pathirana, Khaleel Ahmed, Ravindra, Dhoni",174.8596491,5.947368421
202345,LSG,,"Bharat Ratna Shri Atal Bihari Vajpayee Ekana Cricket Stadium, Lucknow",,"Ayush Badoni, Pooran, Mayers, Karan Sharma, Vohra, Stoinis, Gowtham, Krunal Pandya",177.7017544,6.087719298
202555,DC,,"Rajiv Gandhi International Stadium, Hyderabad",,"Stubbs, Ashutosh Sharma, Vipraj Nigam, Rahul, Abishek Porel, du Plessis, Axar, Karun Nair, Mitchell Starc",170.4181818,6.672727273
202558,PBKS,,"Himachal Pradesh Cricket Association Stadium, Dharamsala",,"Priyansh Arya, Prabhsimran",176.9491525,6.508474576
